datetime,Count_Predicted,count_predicted
05-06-2012 5:00,,70.96
19-03-2011 19:00,,141.29416666666668
02-04-2012 6:00,,272.83666666666664
13-07-2012 20:00,,346.20166666666665
09-11-2011 19:00,,228.49
10-03-2012 0:00,,177.53
19-05-2011 13:00,,255.46166666666667
01-05-2011 8:00,,74.2252380952381
07-07-2012 8:00,,261.79
07-05-2011 16:00,,356.77
09-04-2011 11:00,,203.95
16-06-2011 04:00,,165.37333333333333
13-07-2012 22:00,,319.11333333333334
02-03-2012 14:00,,178.34
18-05-2012 15:00,,506.87
14-12-2011 22:00,,151.92
17-02-2012 19:00,,192.09599999999998
15-04-2012 18:00,,493.52
06-10-2012 23:00,,184.98
17-07-2012 00:00,,109.225
13-09-2012 11:00,,507.77
13-01-2012 07:00,,87.96
11-08-2012 8:00,,75.7025
17-09-2011 08:00,,78.495
04-11-2011 11:00,,157.4766666666667
01-10-2011 11:00,,125.14
03-03-2011 12:00,,79.1
05-12-2012 19:00,,335.05
18-06-2012 23:00,,141.13
19-09-2012 18:00,,573.18
08-11-2011 19:00,,287.42333333333335
18-02-2011 13:00,,139.06
07-11-2011 10:00,,51.66366666666667
10-08-2011 14:00,,235.65
02-05-2012 0:00,,128.25
14-01-2011 14:00,,121.104
17-07-2011 01:00,,57.88959523809523
14-07-2011 15:00,,258.17
04-03-2011 3:00,,38.465
18-12-2012 15:00,,326.17400000000004
14-12-2012 10:00,,251.588
14-05-2011 03:00,,80.95023809523812
19-03-2012 23:00,,289.405
08-01-2011 5:00,,9.565
13-08-2011 06:00,,45.89666666666667
04-08-2011 2:00,,29.065
03-02-2012 5:00,,32.08
16-12-2012 21:00,,42.645
04-01-2011 9:00,,84.97
06-04-2011 1:00,,42.47666666666666
09-03-2012 11:00,,207.95
12-10-2012 20:00,,255.54666666666668
14-06-2011 20:00,,129.72
06-12-2012 2:00,,62.9375
03-12-2012 2:00,,129.898
10-07-2011 17:00,,368.82
09-01-2012 22:00,,172.46200000000002
10-01-2012 17:00,,207.68066666666667
07-08-2012 4:00,,30.690833333333334
17-01-2011 04:00,,57.3005
03-05-2011 15:00,,292.135
08-04-2012 7:00,,183.175
04-07-2011 5:00,,42.406666666666666
13-01-2011 14:00,,76.255
18-08-2012 23:00,,155.245
11-12-2012 0:00,,267.845
11-03-2012 9:00,,65.2325
18-03-2012 08:00,,262.5833333333333
06-12-2011 3:00,,199.65
05-11-2011 14:00,,316.89
10-10-2012 11:00,,444.58
02-11-2011 20:00,,201.49
18-07-2011 21:00,,201.99
09-03-2011 15:00,,113.90700000000001
10-12-2012 17:00,,300.055
02-01-2011 20:00,,79.615
01-10-2012 10:00,,604.19
17-07-2012 14:00,,357.6
07-03-2012 15:00,,300.11
09-02-2011 22:00,,27.9575
16-01-2011 01:00,,21.005
19-02-2012 12:00,,133.54
09-02-2011 2:00,,27.98
06-09-2011 9:00,,195.48
11-06-2011 8:00,,261.72
08-02-2011 2:00,,84.11866666666666
15-08-2012 14:00,,346.64
17-05-2011 12:00,,226.68366666666668
03-04-2012 18:00,,489.88333333333327
14-05-2011 07:00,,108.18833333333333
06-01-2011 8:00,,34.776666666666664
04-05-2011 22:00,,114.52
14-08-2011 18:00,,288.83
01-12-2012 18:00,,282.3995
11-01-2011 17:00,,66.23
10-02-2011 17:00,,75.62
08-02-2011 23:00,,39.58
13-03-2011 04:00,,28.73
18-06-2012 15:00,,394.01
16-04-2012 18:00,,492.0133333333334
05-09-2011 10:00,,266.937
17-09-2012 05:00,,162.37333333333333
05-12-2011 19:00,,212.84333333333336
10-01-2011 1:00,,35.32
08-05-2012 8:00,,133.85
08-07-2011 16:00,,189.96033333333335
06-09-2012 7:00,,148.245
06-11-2012 17:00,,365.87733333333335
05-03-2012 20:00,,130.49
01-10-2011 13:00,,113.895
17-04-2011 14:00,,274.71
18-08-2012 11:00,,312.0316666666667
03-09-2012 22:00,,221.425
13-03-2011 08:00,,58.39
12-05-2011 8:00,,127.69466666666668
10-10-2011 11:00,,307.6716666666667
11-04-2012 10:00,,173.28
15-05-2011 09:00,,256.07
06-10-2011 17:00,,231.92
12-06-2011 7:00,,118.16
15-04-2011 20:00,,119.92
05-04-2012 14:00,,237.78
13-04-2012 14:00,,335.03
10-05-2012 8:00,,220.72933333333333
02-02-2011 15:00,,110.75
09-03-2011 9:00,,75.33066666666667
19-05-2012 20:00,,594.4
11-07-2012 18:00,,457.49
18-04-2012 02:00,,142.0125
19-09-2012 13:00,,439.76
04-11-2012 20:00,,179.81
15-12-2012 11:00,,215.81
08-04-2012 3:00,,176.97099999999998
11-09-2011 0:00,,84.71666666666668
16-12-2012 11:00,,178.38511904761904
03-03-2012 15:00,,405.95
03-11-2011 12:00,,180.035
15-01-2012 01:00,,35.47
07-10-2011 1:00,,50.29666666666668
07-11-2011 0:00,,35.9825
04-03-2011 18:00,,137.1
14-03-2012 12:00,,421.3433333333333
11-05-2012 4:00,,166.175
16-12-2012 07:00,,93.0125
01-03-2011 11:00,,92.61
12-01-2012 5:00,,70.04
13-08-2011 21:00,,169.35
19-11-2012 01:00,,225.99954761904758
09-09-2012 12:00,,563.0316666666666
06-09-2011 16:00,,45.97
17-08-2012 14:00,,507.585
16-08-2011 07:00,,52.11333333333333
01-04-2011 6:00,,34.905
03-06-2012 17:00,,586.1366666666667
09-01-2012 17:00,,116.89
18-10-2012 04:00,,59.45
02-06-2012 21:00,,487.69800000000004
02-12-2011 17:00,,322.26
02-08-2012 14:00,,364.0333333333333
03-12-2011 5:00,,28.1935
12-10-2012 19:00,,327.73333333333335
02-05-2012 17:00,,239.37
07-11-2012 14:00,,390.06
05-04-2012 3:00,,194.71666666666667
03-06-2012 12:00,,611.6316666666667
01-04-2011 3:00,,67.91666666666666
04-01-2011 5:00,,49.24
06-04-2012 3:00,,52.37
09-07-2012 18:00,,409.03
17-08-2012 22:00,,114.41449999999999
17-11-2012 14:00,,508.18
19-03-2012 21:00,,302.66
05-01-2012 15:00,,222.01
17-02-2011 03:00,,36.14
13-04-2011 04:00,,10.02
18-11-2011 04:00,,147.05
12-09-2011 6:00,,64.27600000000001
13-12-2011 08:00,,78.903
06-01-2011 21:00,,65.64
11-11-2011 18:00,,234.235
08-03-2012 16:00,,386.58
05-09-2012 18:00,,629.53
09-03-2011 9:00,,120.25366666666667
02-06-2011 9:00,,248.61
19-03-2012 14:00,,326.97
10-11-2012 2:00,,110.02
18-12-2012 21:00,,322.42
02-05-2011 4:00,,50.11
08-05-2011 4:00,,73.10666666666667
17-08-2012 01:00,,180.13733333333334
14-11-2011 23:00,,118.27
15-11-2011 05:00,,131.51
09-01-2012 23:00,,72.49
10-11-2012 5:00,,65.343
03-12-2011 14:00,,313.01
08-03-2011 14:00,,112.45
08-09-2012 15:00,,266.1066666666667
13-08-2012 09:00,,341.20416666666665
04-05-2011 6:00,,34.96
17-03-2011 21:00,,105.17
01-04-2012 2:00,,204.0
15-03-2012 17:00,,502.07
05-05-2012 10:00,,345.23
11-10-2012 14:00,,368.37
14-06-2012 05:00,,67.26
01-08-2011 5:00,,69.66
03-08-2011 3:00,,126.38
09-06-2011 6:00,,62.05333333333334
08-08-2011 17:00,,265.69
16-04-2011 22:00,,66.3
13-01-2011 05:00,,17.42
07-04-2012 20:00,,369.3775
06-08-2012 1:00,,148.61
08-07-2012 0:00,,214.88
04-11-2011 12:00,,217.055
08-04-2011 13:00,,88.78466666666667
13-02-2011 17:00,,109.85
01-08-2011 7:00,,152.61
10-06-2011 1:00,,117.48
11-03-2011 9:00,,123.22333333333331
12-06-2012 18:00,,360.25
15-05-2011 15:00,,384.03
01-10-2011 12:00,,183.77
08-01-2011 23:00,,37.22
12-06-2012 0:00,,221.17
07-04-2012 16:00,,482.5
01-05-2012 8:00,,342.35
14-09-2012 08:00,,253.30666666666667
01-05-2011 17:00,,163.53416666666666
04-11-2012 23:00,,68.57666666666667
13-01-2012 09:00,,289.256
06-01-2012 21:00,,236.96666666666667
15-07-2011 21:00,,147.94
13-05-2011 03:00,,63.22666666666667
11-12-2012 23:00,,274.25666666666666
09-06-2012 16:00,,453.025
16-02-2012 22:00,,115.0
10-12-2011 16:00,,233.82666666666665
10-07-2012 16:00,,270.35
02-10-2011 3:00,,33.5
04-08-2011 3:00,,47.5175
11-07-2011 15:00,,312.96
12-04-2012 20:00,,236.954
05-01-2012 3:00,,106.64
10-02-2011 20:00,,78.25
13-06-2012 13:00,,430.07
03-12-2011 6:00,,16.952666666666666
19-11-2011 07:00,,47.39166666666667
07-03-2011 6:00,,103.1415
17-04-2012 08:00,,521.24
13-10-2012 17:00,,505.2
11-05-2012 4:00,,154.735
12-02-2011 7:00,,11.789809523809524
09-04-2012 5:00,,182.5975
10-12-2011 9:00,,117.82799999999999
06-12-2011 21:00,,202.89166666666668
18-12-2012 00:00,,75.94
05-06-2011 5:00,,130.19216666666662
17-09-2011 11:00,,187.44
12-12-2012 5:00,,187.5116904761905
10-12-2011 20:00,,147.99
13-04-2012 10:00,,200.41666666666663
19-10-2011 02:00,,59.46
19-02-2011 00:00,,109.36133333333335
07-03-2012 4:00,,277.01
14-10-2011 16:00,,369.13
17-01-2012 21:00,,281.55
13-08-2012 02:00,,51.07916666666667
19-02-2011 06:00,,68.95733333333334
03-08-2011 6:00,,229.385
15-04-2012 08:00,,138.35
08-02-2011 3:00,,32.058
16-01-2011 10:00,,30.92
12-12-2012 21:00,,189.39666666666668
02-08-2012 9:00,,306.28
17-12-2012 05:00,,217.0341666666667
01-09-2011 2:00,,50.48
19-04-2012 00:00,,78.59466666666667
19-02-2011 18:00,,112.07566666666666
05-04-2011 16:00,,113.15666666666668
08-06-2011 18:00,,386.21
18-10-2011 18:00,,265.43
19-02-2012 23:00,,48.598
09-01-2011 10:00,,41.39
16-02-2011 01:00,,46.635
13-12-2012 00:00,,105.57
01-06-2012 16:00,,414.55083333333334
18-03-2011 07:00,,47.12
16-12-2012 04:00,,12.249
05-05-2012 0:00,,110.79
16-08-2012 19:00,,351.9
06-08-2011 16:00,,260.3725
02-04-2012 6:00,,250.745
13-01-2012 19:00,,217.36666666666665
08-05-2011 19:00,,184.9283333333333
08-08-2011 15:00,,214.85333333333332
04-11-2011 4:00,,102.28
01-08-2012 22:00,,130.563
16-02-2012 06:00,,240.51097619047613
16-01-2012 04:00,,53.323
01-07-2012 3:00,,202.865
18-06-2011 23:00,,195.2325
13-10-2011 06:00,,61.31833333333333
02-01-2011 0:00,,53.071999999999996
05-08-2011 0:00,,104.34333333333332
03-10-2012 15:00,,433.5049523809524
18-09-2012 09:00,,235.8683333333333
09-10-2012 19:00,,376.57
04-10-2012 9:00,,327.15666666666664
10-08-2011 16:00,,454.27
07-05-2012 5:00,,116.16571428571429
04-02-2012 5:00,,43.88833333333333
08-04-2012 4:00,,220.543
02-07-2012 13:00,,263.32
06-12-2011 16:00,,91.804
03-10-2011 20:00,,95.51799999999999
01-03-2012 22:00,,156.72666666666666
10-05-2012 10:00,,267.755
02-09-2011 20:00,,196.585
01-09-2011 11:00,,247.0966666666667
05-02-2012 6:00,,136.97
07-06-2011 21:00,,131.7216666666667
05-11-2011 22:00,,90.18799999999999
07-04-2011 14:00,,164.43
17-05-2012 02:00,,119.4
07-02-2012 14:00,,206.23399999999998
09-02-2012 0:00,,128.23
12-02-2011 9:00,,26.324
02-06-2011 23:00,,205.72333333333333
09-11-2011 14:00,,200.32
12-09-2012 10:00,,428.345
12-03-2012 6:00,,204.53
10-05-2012 3:00,,162.56666666666666
19-01-2012 00:00,,41.76666666666666
10-06-2012 22:00,,267.51
04-11-2011 20:00,,194.68666666666664
04-01-2012 13:00,,96.21
02-09-2011 5:00,,122.07
19-02-2011 16:00,,76.81400000000001
03-05-2012 18:00,,587.97
15-12-2012 23:00,,202.452
01-05-2012 10:00,,211.38
05-06-2012 20:00,,244.00166666666667
01-01-2011 12:00,,77.81
14-06-2012 02:00,,130.85
01-07-2012 23:00,,387.82166666666666
11-06-2012 22:00,,245.31
16-05-2012 18:00,,745.29
13-03-2011 00:00,,43.45
12-06-2012 0:00,,261.24
09-03-2012 14:00,,343.63
07-10-2011 0:00,,50.29666666666668
05-10-2011 21:00,,191.71
11-02-2011 5:00,,21.61666666666667
13-10-2012 00:00,,199.34799999999998
07-11-2012 18:00,,169.73
02-01-2012 19:00,,127.06
03-12-2012 7:00,,319.23
05-08-2012 17:00,,487.53
14-03-2012 20:00,,415.88
06-12-2011 1:00,,161.3765
05-11-2011 16:00,,284.20599999999996
09-07-2012 11:00,,296.1633333333333
03-03-2011 18:00,,71.5375
08-05-2011 14:00,,301.63
04-09-2011 13:00,,337.94666666666666
05-06-2012 17:00,,384.96333333333337
07-11-2011 18:00,,356.12
02-03-2012 0:00,,134.9175
02-10-2011 20:00,,164.36
13-03-2012 07:00,,95.84966666666668
12-06-2011 18:00,,197.49
13-04-2012 17:00,,421.72
14-07-2011 02:00,,135.33666666666667
11-12-2011 11:00,,158.52
04-04-2011 12:00,,169.74
16-03-2012 07:00,,161.635
16-05-2012 17:00,,666.93
05-04-2012 11:00,,215.015
11-11-2012 0:00,,88.035
02-09-2011 3:00,,77.62
02-05-2012 13:00,,220.68333333333337
08-06-2012 16:00,,492.28
11-11-2012 2:00,,100.57
15-02-2012 12:00,,215.4125
14-04-2012 04:00,,101.26299999999999
13-09-2011 23:00,,167.24
01-03-2011 12:00,,124.89
17-05-2011 03:00,,19.31
19-09-2011 10:00,,221.33
15-05-2011 02:00,,33.61095238095238
02-11-2012 14:00,,390.2065
06-03-2012 20:00,,132.92166666666665
08-08-2012 14:00,,363.342
06-03-2012 17:00,,209.67
11-01-2011 9:00,,103.425
01-11-2011 8:00,,178.9625
19-11-2012 03:00,,225.99954761904758
14-03-2012 06:00,,364.306
02-02-2012 20:00,,222.18
03-11-2011 0:00,,114.82
09-03-2011 4:00,,48.1295
09-04-2011 3:00,,72.16
14-08-2012 06:00,,121.03200000000001
15-11-2012 00:00,,70.19333333333333
13-12-2012 01:00,,133.44
03-09-2012 2:00,,55.05133333333333
01-11-2011 2:00,,228.18004761904763
01-04-2011 5:00,,34.905
01-01-2012 21:00,,209.7433333333333
16-05-2012 15:00,,377.395
15-07-2011 05:00,,66.91
02-12-2011 5:00,,171.55733333333333
02-02-2012 12:00,,152.36
11-08-2011 4:00,,88.17049999999999
11-10-2012 19:00,,118.26
06-06-2011 2:00,,27.234
13-11-2011 01:00,,246.23166666666668
08-06-2011 12:00,,238.235
03-07-2012 11:00,,305.19
17-01-2011 15:00,,36.67083333333333
16-04-2011 10:00,,38.13
15-04-2011 09:00,,136.75
07-05-2011 9:00,,231.43666666666664
10-12-2012 2:00,,80.25
09-09-2011 22:00,,69.28333333333333
01-06-2012 9:00,,314.46866666666665
18-05-2012 11:00,,416.58933333333334
05-12-2011 18:00,,233.82833333333332
09-04-2011 19:00,,164.44
05-08-2011 12:00,,335.5766666666667
14-08-2012 13:00,,309.3
15-06-2011 22:00,,142.4
08-07-2011 4:00,,262.5216666666667
15-10-2012 05:00,,169.4925
14-01-2012 06:00,,44.64633333333333
08-02-2012 23:00,,145.05
13-07-2012 15:00,,383.79
17-10-2012 07:00,,76.96
02-07-2012 3:00,,97.72333333333331
17-11-2012 08:00,,83.815
18-11-2011 08:00,,131.28
14-10-2012 02:00,,186.80666666666664
14-01-2011 07:00,,81.5725
15-12-2012 10:00,,212.325
18-12-2011 01:00,,26.358999999999995
16-02-2011 05:00,,47.505
04-08-2011 8:00,,232.25
19-07-2011 19:00,,237.42
08-11-2012 0:00,,88.03
13-10-2012 18:00,,424.13
04-05-2012 0:00,,202.36
16-06-2011 17:00,,194.18
11-10-2011 17:00,,335.885
12-10-2012 3:00,,265.378
19-11-2011 17:00,,310.122
07-02-2011 5:00,,60.15233333333334
05-05-2012 15:00,,254.50333333333336
19-05-2012 07:00,,41.6
11-04-2012 6:00,,164.48
09-03-2012 17:00,,459.79
09-11-2012 21:00,,207.37
05-06-2011 17:00,,378.55
15-03-2012 18:00,,451.5466666666666
07-07-2012 4:00,,71.73178571428572
03-05-2012 8:00,,242.44583333333335
11-09-2012 22:00,,235.67
03-01-2011 16:00,,94.44
12-03-2012 2:00,,171.87666666666664
14-05-2011 23:00,,176.5966666666667
11-05-2011 13:00,,198.829
08-10-2011 13:00,,438.3766666666667
13-09-2011 19:00,,165.515
11-05-2011 18:00,,269.9866666666666
12-11-2011 11:00,,217.1
17-02-2012 07:00,,28.52
12-08-2012 10:00,,409.27
19-09-2011 00:00,,113.685
16-12-2011 23:00,,130.83
09-08-2012 18:00,,428.86
17-08-2011 19:00,,253.53
02-11-2011 4:00,,35.87857142857143
01-11-2011 7:00,,110.0675
13-08-2011 06:00,,55.485
02-12-2012 13:00,,256.03
01-10-2011 0:00,,132.24
09-09-2012 23:00,,231.435
02-04-2011 20:00,,115.72
19-06-2011 07:00,,62.09333333333334
16-07-2011 15:00,,430.8608333333333
15-10-2012 03:00,,121.09
16-08-2011 17:00,,189.02
18-11-2011 22:00,,94.59666666666668
15-08-2012 19:00,,376.495
05-01-2012 9:00,,150.8065
06-06-2011 9:00,,221.485
07-07-2011 15:00,,246.36333333333334
16-07-2011 07:00,,27.760357142857146
04-11-2012 0:00,,76.545
02-08-2012 6:00,,84.868
01-01-2012 8:00,,48.67
09-11-2012 5:00,,138.51
04-09-2011 1:00,,79.17
17-01-2012 02:00,,73.70333333333333
18-11-2012 02:00,,56.135
03-05-2011 12:00,,242.5
02-03-2012 18:00,,132.29
11-09-2012 3:00,,133.765
06-06-2011 19:00,,209.408
06-08-2012 6:00,,263.84233333333333
04-04-2012 11:00,,277.03
19-03-2011 00:00,,91.495
01-04-2012 3:00,,203.4425
19-04-2011 01:00,,75.34
16-02-2011 15:00,,176.6
16-07-2012 22:00,,362.5891666666667
14-02-2012 04:00,,33.45
13-12-2012 03:00,,163.28333333333333
19-09-2011 22:00,,212.82
05-12-2011 7:00,,26.530142857142863
04-02-2012 18:00,,59.67
09-02-2011 23:00,,34.770833333333336
06-06-2011 6:00,,22.50833333333333
12-04-2012 22:00,,167.13
17-07-2011 19:00,,394.0101666666667
13-03-2012 16:00,,582.46
16-06-2012 18:00,,572.35
16-04-2011 13:00,,62.302
16-11-2012 21:00,,269.9666666666667
14-12-2012 03:00,,388.78
09-06-2012 13:00,,466.31
06-06-2011 15:00,,319.73
02-04-2012 21:00,,210.05
14-01-2011 20:00,,60.58
15-01-2012 03:00,,33.364285714285714
03-09-2012 8:00,,254.77316666666667
04-08-2011 9:00,,213.51166666666666
10-07-2012 0:00,,155.30466666666666
12-08-2011 10:00,,220.68333333333337
02-02-2011 15:00,,91.14
08-04-2012 6:00,,129.44500000000002
02-05-2011 23:00,,225.29416666666668
15-06-2012 01:00,,102.06333333333332
15-09-2011 03:00,,73.38
08-12-2012 2:00,,89.16569047619046
06-11-2011 14:00,,276.95
11-10-2012 23:00,,205.98
12-06-2012 17:00,,274.6
01-03-2011 20:00,,76.94666666666667
11-02-2012 9:00,,133.58
03-12-2011 15:00,,302.53
11-10-2012 9:00,,306.01
01-03-2011 10:00,,71.33666666666667
06-10-2011 11:00,,182.49
16-04-2012 10:00,,269.5025
11-06-2012 15:00,,510.76
05-03-2012 11:00,,115.04166666666666
08-07-2012 5:00,,204.16
13-05-2011 00:00,,162.79
13-08-2011 01:00,,222.51
09-06-2011 7:00,,110.32333333333334
07-11-2011 20:00,,163.04
19-03-2011 09:00,,147.29
14-11-2011 13:00,,279.14
11-12-2011 8:00,,36.679
18-11-2012 20:00,,145.43166666666667
13-02-2012 11:00,,102.28833333333334
18-04-2012 18:00,,85.16
08-08-2011 6:00,,195.4575
03-07-2011 10:00,,188.55
18-08-2012 06:00,,61.403333333333336
13-03-2012 02:00,,175.87266666666667
07-08-2012 18:00,,504.31
07-02-2011 22:00,,43.643
05-06-2012 22:00,,197.61
12-06-2011 11:00,,358.215
13-01-2012 11:00,,265.69
08-07-2012 22:00,,227.18666666666664
17-09-2011 23:00,,59.745555555555555
05-02-2012 4:00,,47.081
01-05-2011 19:00,,177.82
06-10-2012 14:00,,332.125
04-09-2012 16:00,,422.36
07-11-2012 1:00,,199.94142857142856
16-04-2011 14:00,,191.8855714285714
17-07-2012 17:00,,459.01
16-10-2012 21:00,,295.3
09-05-2011 15:00,,281.59
05-09-2011 9:00,,273.58
06-10-2012 12:00,,495.75849999999997
14-05-2012 07:00,,124.0175
07-08-2012 12:00,,351.36
08-06-2012 23:00,,233.95
07-09-2011 21:00,,228.69300000000004
09-06-2012 13:00,,472.23
15-06-2012 23:00,,190.07333333333332
18-08-2012 19:00,,424.145
15-12-2012 08:00,,73.998
04-01-2012 14:00,,85.97
01-04-2012 7:00,,238.68
05-12-2011 8:00,,61.39575
12-01-2011 8:00,,53.365
04-02-2012 19:00,,52.02
12-03-2011 2:00,,36.45952380952381
02-09-2011 5:00,,102.39
06-12-2011 22:00,,53.19028571428572
08-08-2011 21:00,,171.2
09-02-2011 20:00,,30.615
05-09-2012 3:00,,52.27
15-11-2012 22:00,,144.61166666666668
09-05-2012 4:00,,54.37
01-03-2011 6:00,,84.101
08-02-2011 10:00,,67.43
09-02-2011 0:00,,33.11333333333334
07-05-2011 10:00,,298.87666666666667
01-11-2012 8:00,,347.17666666666673
19-03-2011 09:00,,116.52333333333333
06-02-2011 15:00,,142.289
16-02-2011 07:00,,107.76000000000002
06-10-2011 9:00,,204.1208333333333
14-08-2012 21:00,,473.23
16-02-2011 12:00,,67.07
07-05-2011 6:00,,29.45
05-08-2012 15:00,,469.98
18-07-2012 12:00,,239.29
15-04-2012 23:00,,335.06
09-08-2011 17:00,,327.10333333333335
09-06-2012 15:00,,466.64
11-04-2012 18:00,,207.81
09-09-2012 3:00,,78.81666666666666
10-09-2012 12:00,,547.7516666666667
15-09-2012 00:00,,104.016
15-11-2011 01:00,,261.935
18-02-2011 11:00,,48.54
04-07-2011 2:00,,95.03
02-07-2011 2:00,,176.18
16-06-2011 01:00,,68.57
02-11-2011 2:00,,35.87857142857143
03-12-2012 5:00,,180.365
12-12-2011 0:00,,22.331833333333336
04-08-2012 4:00,,98.862
02-07-2012 2:00,,223.3
06-05-2012 23:00,,108.25499999999998
03-05-2012 10:00,,82.3475
05-03-2012 6:00,,243.4005
17-01-2011 20:00,,34.025
19-05-2011 15:00,,165.59
01-05-2011 13:00,,271.695
05-03-2011 0:00,,35.89058333333334
18-01-2012 18:00,,206.79
09-03-2011 20:00,,90.99333333333333
07-02-2012 18:00,,286.9783333333333
15-08-2012 01:00,,147.25333333333333
17-06-2012 13:00,,446.27
09-04-2012 16:00,,333.23
15-09-2012 05:00,,339.83
10-05-2011 14:00,,375.78
13-06-2012 08:00,,298.09166666666664
17-01-2012 15:00,,323.71
07-06-2011 13:00,,283.62
16-04-2011 04:00,,29.25
11-09-2012 15:00,,562.34
02-04-2012 20:00,,177.13
09-07-2011 17:00,,378.67
19-07-2011 09:00,,206.825
13-06-2012 02:00,,88.16533333333332
04-10-2011 8:00,,158.99133333333333
09-05-2011 13:00,,507.25
14-11-2012 13:00,,253.15
04-09-2011 3:00,,95.353
19-08-2012 08:00,,187.8083333333333
10-03-2012 12:00,,228.05
07-10-2011 6:00,,56.87166666666667
19-12-2011 10:00,,158.32666666666665
14-06-2011 21:00,,114.5
12-01-2012 12:00,,124.99
06-04-2011 22:00,,95.74
19-05-2012 00:00,,134.09
03-07-2012 3:00,,287.68333333333334
14-03-2011 19:00,,84.6
13-07-2012 13:00,,357.5066666666667
14-03-2011 14:00,,89.24333333333333
15-02-2012 09:00,,275.75
02-11-2012 13:00,,321.32
08-02-2012 22:00,,96.08
01-05-2011 18:00,,109.139
19-12-2011 20:00,,265.7886666666667
14-03-2011 09:00,,47.74
18-12-2011 03:00,,56.175
18-05-2012 00:00,,319.95
01-07-2011 16:00,,374.93
06-03-2012 6:00,,133.94666666666666
17-12-2012 22:00,,152.53
17-03-2012 21:00,,376.265
10-10-2011 19:00,,276.14
15-09-2012 04:00,,295.032
08-02-2012 3:00,,17.655
06-01-2012 15:00,,371.12
19-04-2012 08:00,,194.55333333333337
12-07-2012 4:00,,101.74216666666668
19-04-2012 00:00,,132.98
02-04-2012 16:00,,405.86400000000003
16-02-2012 17:00,,161.77583333333334
19-08-2012 15:00,,168.58666666666667
02-05-2012 23:00,,189.18
07-03-2012 14:00,,204.37
17-02-2011 18:00,,135.04
01-05-2011 16:00,,208.13299999999998
11-02-2012 5:00,,63.0405
13-07-2012 06:00,,487.202
09-02-2011 14:00,,84.62466666666667
19-08-2012 02:00,,114.69516666666667
14-08-2012 07:00,,282.83166666666665
15-01-2011 00:00,,26.1675
02-07-2011 0:00,,200.54
04-04-2011 2:00,,62.27
18-01-2012 08:00,,138.46
15-11-2012 23:00,,228.37
13-07-2012 23:00,,259.6466666666667
17-07-2012 08:00,,309.56
08-10-2012 21:00,,193.91666666666669
19-05-2012 02:00,,104.535
11-01-2012 22:00,,78.34
18-03-2011 10:00,,153.935
19-09-2011 08:00,,52.32666666666667
02-05-2012 20:00,,380.1233333333333
10-07-2011 0:00,,140.62
06-04-2012 11:00,,267.48999999999995
13-10-2012 16:00,,550.61
01-06-2011 19:00,,214.57
02-11-2011 0:00,,80.74357142857143
17-12-2011 15:00,,178.46
04-07-2011 21:00,,267.565
03-11-2012 1:00,,149.62583333333333
06-12-2012 9:00,,153.19
13-10-2012 10:00,,350.11333333333334
18-02-2011 21:00,,131.27
08-04-2012 21:00,,240.06
16-10-2012 00:00,,240.07333333333332
13-10-2011 09:00,,77.8
04-10-2012 11:00,,327.45666666666665
09-12-2012 10:00,,297.92
18-08-2012 13:00,,523.1056666666667
13-02-2011 04:00,,13.089166666666666
03-08-2011 12:00,,145.65949999999998
08-02-2012 9:00,,224.83
08-08-2012 17:00,,400.50199999999995
15-10-2011 06:00,,144.56
04-06-2011 7:00,,81.78
07-06-2011 5:00,,77.94666666666666
04-07-2011 10:00,,345.99
06-01-2012 0:00,,97.15133333333333
19-11-2011 03:00,,65.69666666666666
08-04-2011 9:00,,98.70333333333332
07-10-2012 6:00,,215.62
07-05-2012 2:00,,35.33
03-06-2012 20:00,,578.7
02-02-2011 21:00,,64.28
17-05-2012 22:00,,297.2633333333333
14-03-2012 22:00,,154.29
02-09-2011 11:00,,142.67
17-10-2011 08:00,,286.88
17-09-2011 18:00,,157.85
06-12-2012 11:00,,132.89333333333335
17-04-2012 20:00,,416.6
05-06-2012 4:00,,59.68
06-01-2011 16:00,,92.925
15-09-2012 02:00,,151.90833333333333
12-01-2012 1:00,,41.76166666666666
14-11-2011 12:00,,248.825
13-09-2012 21:00,,283.495
12-02-2012 2:00,,75.72
17-09-2012 15:00,,305.62
10-05-2011 8:00,,99.24
11-10-2011 7:00,,62.5735
01-12-2012 8:00,,55.71
16-07-2012 06:00,,37.965
16-01-2012 14:00,,103.24600000000001
12-11-2012 11:00,,300.98
17-12-2011 14:00,,184.38
16-06-2011 10:00,,208.79
02-09-2011 23:00,,169.89
05-08-2012 11:00,,399.27
15-02-2012 06:00,,42.56
05-07-2012 22:00,,215.4933333333333
02-06-2011 11:00,,231.29
16-12-2011 21:00,,190.546
04-10-2011 13:00,,185.89
09-02-2011 13:00,,90.488
02-01-2011 12:00,,93.29
19-03-2011 01:00,,116.9
06-11-2012 16:00,,313.1529999999999
04-05-2012 10:00,,247.45083333333332
05-09-2011 17:00,,118.59
10-06-2011 12:00,,276.404
12-11-2012 23:00,,141.57
05-03-2012 19:00,,59.9
04-05-2011 3:00,,92.02604761904762
09-08-2011 12:00,,364.6433333333334
07-06-2011 6:00,,35.66
08-05-2012 3:00,,122.285
19-10-2012 20:00,,261.43
09-11-2011 9:00,,132.36166666666662
19-03-2012 03:00,,382.55
01-11-2012 6:00,,105.46833333333332
08-07-2011 14:00,,203.12
07-08-2012 13:00,,274.015
05-12-2012 13:00,,311.39
09-02-2012 21:00,,125.69333333333334
02-05-2011 15:00,,317.4625
05-08-2012 4:00,,68.34664285714285
18-12-2012 15:00,,329.164
15-04-2011 14:00,,184.73
19-02-2012 14:00,,121.33
18-07-2012 09:00,,316.95033333333333
11-07-2012 20:00,,407.01666666666665
19-11-2012 02:00,,185.1504761904762
01-01-2012 2:00,,96.6
09-04-2011 4:00,,72.16
01-03-2012 15:00,,290.03
16-05-2012 05:00,,105.47
06-12-2011 14:00,,66.6625
14-02-2011 05:00,,16.72
11-05-2011 7:00,,131.3
13-12-2011 22:00,,156.75333333333333
10-02-2011 23:00,,48.955
01-09-2012 12:00,,437.6101666666666
18-12-2011 14:00,,175.78333333333333
19-12-2011 11:00,,135.46333333333334
14-06-2012 03:00,,189.115
03-07-2011 6:00,,47.44
03-02-2011 9:00,,54.355
19-06-2011 22:00,,135.44
10-12-2012 17:00,,241.57
09-08-2012 14:00,,328.91
13-08-2012 13:00,,495.74
12-03-2011 19:00,,105.94
19-09-2011 18:00,,231.92
12-09-2012 11:00,,670.55
14-10-2012 22:00,,209.1
10-03-2012 20:00,,174.48
17-02-2011 20:00,,142.42
08-07-2012 16:00,,330.305
11-07-2012 1:00,,31.362999999999996
15-05-2012 14:00,,310.9191666666666
09-07-2012 19:00,,388.62333333333333
17-11-2011 09:00,,111.2875
13-03-2012 03:00,,175.87266666666667
19-10-2012 02:00,,59.85833333333334
07-02-2011 9:00,,16.398333333333333
15-07-2012 17:00,,282.56
04-07-2011 21:00,,289.56
18-08-2012 10:00,,398.1125
15-03-2011 23:00,,90.15
08-11-2011 8:00,,50.680749999999996
01-01-2011 18:00,,34.18933333333332
19-01-2012 02:00,,51.61883333333332
14-07-2011 22:00,,108.16
02-08-2012 18:00,,506.13
06-06-2011 11:00,,308.97
02-05-2011 4:00,,27.45
01-02-2011 10:00,,95.105
02-07-2011 1:00,,185.82
08-12-2011 19:00,,128.18333333333334
17-09-2011 22:00,,138.62499999999997
11-05-2011 17:00,,210.71
07-12-2011 4:00,,43.67995238095237
16-12-2011 01:00,,166.91
10-06-2011 2:00,,54.01
04-12-2011 14:00,,221.84666666666664
19-04-2012 04:00,,239.085
11-10-2012 17:00,,487.62
15-04-2011 22:00,,104.31
10-06-2012 0:00,,172.55
01-08-2011 20:00,,202.81
03-02-2012 20:00,,183.31
11-07-2011 12:00,,262.16
16-08-2011 20:00,,209.29
02-04-2011 4:00,,10.990666666666666
09-01-2012 13:00,,112.10799999999999
18-04-2012 15:00,,141.12166666666667
13-03-2011 07:00,,63.83
11-10-2011 5:00,,44.83
04-08-2011 18:00,,201.865
03-10-2011 22:00,,107.81666666666666
17-02-2012 04:00,,116.77
06-11-2011 17:00,,210.22666666666663
12-08-2011 22:00,,159.85
10-09-2011 20:00,,229.225
02-12-2012 1:00,,207.62
09-08-2012 12:00,,291.62
10-10-2012 7:00,,219.3975
18-11-2011 03:00,,131.14333333333335
11-12-2012 14:00,,284.54
07-02-2012 17:00,,239.08666666666664
09-08-2012 4:00,,124.165
11-07-2011 0:00,,210.275
07-08-2012 11:00,,336.96
02-01-2012 18:00,,121.35
18-01-2012 03:00,,225.41333333333336
08-09-2011 10:00,,108.912
14-07-2012 20:00,,338.41
12-01-2012 10:00,,181.2575
05-09-2011 19:00,,108.20833333333331
07-11-2011 9:00,,119.10866666666666
06-12-2011 1:00,,169.467
06-06-2012 22:00,,111.39400000000002
12-03-2011 14:00,,83.28333333333335
17-08-2012 00:00,,245.505
01-07-2012 1:00,,86.3125
09-01-2012 22:00,,153.43
01-02-2011 23:00,,38.9725
14-03-2012 13:00,,372.75
11-05-2012 18:00,,614.7846666666668
11-11-2012 7:00,,39.565
15-11-2011 07:00,,312.9116666666667
04-07-2011 15:00,,415.14
12-09-2012 19:00,,536.76
09-12-2011 5:00,,3.2822499999999994
18-10-2011 09:00,,187.29
02-07-2011 23:00,,349.63916666666665
04-01-2011 21:00,,36.09733333333334
05-09-2011 18:00,,121.84450000000001
03-07-2011 23:00,,37.01233333333334
13-04-2011 05:00,,63.973333333333336
15-01-2011 12:00,,61.924666666666674
13-09-2011 07:00,,68.65133333333333
19-10-2012 04:00,,42.17
18-11-2012 11:00,,337.425
07-01-2011 8:00,,64.73
17-07-2012 19:00,,287.33
12-12-2012 12:00,,249.83833333333337
15-11-2012 19:00,,198.68233333333333
19-12-2011 16:00,,186.4973333333333
12-12-2011 20:00,,215.93
05-06-2011 13:00,,187.53
02-09-2012 15:00,,383.7525
12-06-2011 12:00,,377.3486666666667
02-09-2012 7:00,,67.25833333333333
17-08-2011 06:00,,48.75333333333333
19-08-2011 04:00,,56.21866666666667
03-01-2012 19:00,,116.73
07-09-2011 8:00,,39.6875
16-09-2011 21:00,,183.017
01-01-2012 4:00,,79.30333333333334
06-09-2012 1:00,,115.89
15-02-2011 12:00,,100.225
03-11-2012 16:00,,381.0733333333334
14-02-2012 19:00,,126.68
19-04-2011 06:00,,156.19
01-12-2012 13:00,,282.3995
03-04-2012 3:00,,207.71916666666664
17-06-2012 19:00,,446.27
12-01-2011 14:00,,76.24
14-12-2012 01:00,,144.13
10-08-2011 0:00,,227.21
16-11-2012 08:00,,161.465
10-01-2012 22:00,,55.17500000000001
01-04-2011 17:00,,200.29
14-06-2012 20:00,,303.375
06-01-2012 17:00,,201.85
18-05-2011 22:00,,104.445
02-03-2012 19:00,,132.29
12-12-2011 15:00,,187.6916666666667
11-05-2012 6:00,,243.688
07-07-2012 5:00,,99.0847857142857
06-03-2011 1:00,,55.965
01-02-2011 15:00,,117.64666666666668
06-04-2012 10:00,,116.198
05-09-2012 16:00,,442.84
07-12-2011 22:00,,76.21666666666665
01-11-2011 0:00,,147.26904761904763
16-11-2012 08:00,,222.01416666666665
14-11-2011 07:00,,131.05833333333334
14-09-2011 10:00,,224.8355
09-11-2011 7:00,,35.87857142857143
02-12-2011 22:00,,137.6833333333333
06-02-2011 7:00,,21.182333333333332
10-09-2012 1:00,,337.509
05-09-2011 0:00,,236.93916666666667
07-07-2011 8:00,,322.73
01-12-2011 5:00,,36.63
08-02-2012 7:00,,154.11
01-09-2012 5:00,,135.006
09-11-2012 22:00,,274.79
19-04-2011 14:00,,108.32
09-04-2011 15:00,,83.82957142857144
08-01-2012 13:00,,177.89333333333335
13-10-2011 21:00,,192.92
18-10-2011 07:00,,73.492
17-03-2011 05:00,,91.86
01-12-2011 9:00,,120.50933333333333
09-02-2011 13:00,,89.86333333333334
01-11-2011 13:00,,290.94
19-02-2012 06:00,,74.56
04-04-2011 20:00,,280.77
09-07-2011 8:00,,188.705
06-07-2012 1:00,,297.57916666666665
08-09-2012 9:00,,159.3915
18-01-2012 14:00,,128.345
10-01-2012 2:00,,105.30216666666666
15-06-2011 10:00,,176.25333333333336
07-09-2012 6:00,,179.3271666666667
10-09-2011 10:00,,332.49
17-12-2011 20:00,,54.24400000000001
15-11-2011 20:00,,118.31333333333333
08-03-2012 11:00,,251.26
04-09-2011 6:00,,54.2325
16-10-2012 15:00,,468.36
01-07-2011 1:00,,100.11
03-11-2012 12:00,,348.27
15-04-2012 17:00,,408.2
09-10-2012 11:00,,294.63
04-03-2012 18:00,,214.58
01-12-2012 3:00,,93.15333333333332
06-10-2011 17:00,,245.92
19-03-2012 04:00,,492.8183333333334
19-11-2011 12:00,,309.212
14-08-2012 18:00,,579.82
02-02-2012 23:00,,133.64
13-06-2012 20:00,,614.55
19-11-2012 16:00,,404.69666666666666
16-10-2011 12:00,,410.73
09-03-2012 8:00,,207.52
01-07-2011 18:00,,383.5
07-08-2012 5:00,,139.75933333333336
14-06-2011 17:00,,398.42
16-02-2011 12:00,,79.4125
17-09-2012 17:00,,285.245
19-08-2011 19:00,,144.17
16-10-2012 19:00,,351.49
03-12-2012 4:00,,131.9
08-09-2011 20:00,,60.81666666666666
02-04-2012 20:00,,178.88
18-10-2012 22:00,,175.23
18-05-2011 16:00,,289.84
13-06-2011 20:00,,192.43
10-10-2011 5:00,,24.06666666666667
06-12-2011 0:00,,98.67
15-10-2011 03:00,,115.8
12-08-2012 22:00,,308.0875
05-11-2012 9:00,,152.0
04-08-2011 11:00,,233.69833333333332
16-05-2012 10:00,,314.25866666666667
14-04-2012 11:00,,235.08
13-07-2012 23:00,,277.55
04-10-2012 10:00,,317.48
07-10-2012 18:00,,202.9225
16-03-2011 13:00,,117.695
17-08-2011 18:00,,255.55166666666668
18-06-2011 04:00,,27.088
01-06-2012 20:00,,138.29095238095238
05-08-2011 6:00,,72.89
16-10-2011 02:00,,61.79
03-09-2012 17:00,,418.913
18-10-2011 16:00,,457.22
13-07-2011 13:00,,190.65666666666667
11-01-2012 5:00,,41.225
06-12-2011 4:00,,58.727333333333334
10-02-2011 16:00,,65.27466666666668
19-07-2011 04:00,,39.51833333333334
04-02-2011 8:00,,89.635
14-04-2012 01:00,,198.91
16-03-2011 11:00,,82.21166666666667
06-08-2011 19:00,,119.8635
05-12-2012 9:00,,325.12833333333333
03-05-2011 0:00,,160.35416666666666
13-12-2012 21:00,,242.66
03-04-2011 20:00,,177.70666666666668
19-12-2012 17:00,,345.11
13-07-2011 04:00,,241.6833333333333
10-01-2011 9:00,,92.72
19-05-2012 04:00,,92.49
09-11-2011 6:00,,35.87857142857143
12-10-2012 16:00,,396.87
05-03-2011 4:00,,10.575
05-03-2011 2:00,,5.1
09-02-2011 11:00,,37.632
05-03-2012 9:00,,152.41
03-02-2012 0:00,,199.87
08-08-2011 23:00,,161.63
14-04-2012 15:00,,559.31
07-01-2012 17:00,,241.85
06-03-2011 6:00,,52.98
04-08-2012 21:00,,393.43
07-07-2011 16:00,,324.63
10-07-2012 10:00,,426.99666666666667
13-04-2011 12:00,,88.95083333333334
04-03-2011 14:00,,115.26
15-10-2012 19:00,,232.745
10-07-2011 2:00,,68.79166666666667
08-03-2011 13:00,,102.34666666666666
10-04-2012 11:00,,203.0273333333333
06-09-2011 17:00,,347.59
09-01-2011 9:00,,28.63
15-08-2011 14:00,,191.48
01-03-2011 8:00,,116.4625
11-01-2011 19:00,,70.939
18-09-2011 00:00,,66.35
08-11-2011 12:00,,271.95
03-10-2011 9:00,,237.07333333333332
06-12-2011 13:00,,56.955999999999996
18-02-2011 04:00,,36.91
13-10-2011 14:00,,230.91
17-09-2012 02:00,,125.5775
15-04-2012 11:00,,417.37
02-03-2011 8:00,,74.15
15-10-2011 10:00,,300.61
04-08-2012 5:00,,81.368
06-09-2011 15:00,,98.85
12-03-2012 9:00,,141.13866666666667
11-06-2012 14:00,,347.63
19-10-2011 00:00,,59.46
08-11-2012 19:00,,289.546
01-07-2011 5:00,,131.97333333333333
17-11-2012 10:00,,278.39
16-05-2011 02:00,,37.32416666666666
10-08-2012 12:00,,332.68
19-06-2012 18:00,,337.25
05-09-2011 3:00,,173.76783333333333
14-12-2011 04:00,,40.27
02-08-2012 8:00,,294.58166666666665
05-03-2012 10:00,,193.37
04-01-2012 18:00,,144.04
17-07-2012 11:00,,312.4603333333333
05-08-2011 10:00,,242.29666666666668
12-12-2011 16:00,,183.11166666666668
16-01-2012 06:00,,34.60714285714286
03-02-2012 23:00,,118.57633333333335
03-05-2011 2:00,,75.1445
04-06-2011 21:00,,246.5066666666667
19-10-2011 18:00,,82.15366666666667
16-08-2012 10:00,,280.21
01-01-2011 14:00,,95.11
14-12-2011 03:00,,115.29833333333332
17-01-2012 18:00,,364.32
19-11-2012 20:00,,312.39959523809523
19-10-2011 16:00,,112.99916666666667
16-04-2012 00:00,,291.82
06-06-2012 12:00,,343.38533333333334
11-11-2011 13:00,,269.45
11-03-2011 5:00,,92.2625
10-04-2011 7:00,,36.495
08-08-2012 21:00,,297.31000000000006
05-03-2011 18:00,,196.22
05-11-2011 6:00,,58.73
16-07-2011 20:00,,320.26
13-12-2012 00:00,,78.09
04-01-2012 9:00,,121.54916666666666
18-08-2011 11:00,,261.9433333333334
15-11-2012 22:00,,239.45166666666665
13-11-2012 14:00,,330.30333333333334
09-12-2011 21:00,,119.44499999999998
06-04-2012 3:00,,50.32
10-08-2012 16:00,,479.3666666666666
17-09-2011 04:00,,38.653333333333336
16-11-2011 21:00,,68.415
12-06-2011 19:00,,179.97
01-12-2011 7:00,,75.18333333333334
16-07-2011 09:00,,248.12
04-09-2011 23:00,,316.5783333333334
19-08-2011 12:00,,179.3
15-10-2012 23:00,,310.395
05-07-2012 17:00,,326.8645
15-08-2011 09:00,,312.1566666666667
14-01-2011 22:00,,40.94
15-12-2012 16:00,,416.01
01-04-2011 4:00,,24.48
14-08-2012 02:00,,30.102000000000004
11-04-2012 1:00,,107.59
11-06-2012 8:00,,54.905
14-03-2011 07:00,,124.09333333333332
17-06-2012 22:00,,256.4
16-09-2011 02:00,,77.63
08-08-2011 19:00,,243.09
19-05-2012 21:00,,293.49666666666667
18-05-2012 12:00,,395.82
06-08-2012 22:00,,268.80333333333334
19-09-2012 17:00,,404.58
18-04-2012 07:00,,168.77333333333337
18-02-2012 00:00,,205.88333333333333
14-02-2011 19:00,,73.41199999999999
17-08-2012 15:00,,384.19833333333327
11-03-2011 16:00,,167.9033333333333
17-05-2011 22:00,,150.61416666666665
13-04-2011 06:00,,76.35
17-10-2011 10:00,,349.25
09-07-2012 10:00,,300.1933333333333
10-10-2012 20:00,,344.58
05-08-2012 22:00,,200.18
18-06-2011 22:00,,164.74916666666667
09-06-2012 11:00,,507.63
09-03-2011 12:00,,99.79516666666666
12-04-2012 19:00,,205.62
10-10-2011 20:00,,261.3366666666667
19-03-2011 13:00,,191.35583333333332
11-09-2011 15:00,,405.7535
13-06-2012 15:00,,652.65
08-03-2012 20:00,,352.68
12-01-2011 23:00,,55.125
13-12-2011 03:00,,32.299
05-08-2011 10:00,,245.27166666666668
08-05-2011 23:00,,105.18333333333334
08-12-2011 4:00,,142.78
13-07-2012 17:00,,428.668
09-10-2011 7:00,,56.03900000000001
17-10-2012 00:00,,68.37
05-07-2012 11:00,,358.04
07-09-2011 11:00,,29.5325
10-02-2011 1:00,,13.65
04-05-2012 16:00,,576.4253333333334
19-09-2011 23:00,,147.4
16-12-2011 10:00,,147.49166666666667
14-06-2011 07:00,,317.71
06-11-2011 9:00,,114.085
18-01-2012 17:00,,166.03
09-12-2012 19:00,,137.23666666666668
15-11-2011 18:00,,204.805
01-10-2011 12:00,,119.665
10-06-2011 20:00,,224.16
01-08-2011 9:00,,235.42
08-07-2012 6:00,,188.5925
08-10-2012 18:00,,338.38916666666665
14-06-2011 23:00,,118.72
01-06-2011 0:00,,136.796
02-08-2012 20:00,,283.3233333333333
08-08-2011 9:00,,215.04
07-06-2012 12:00,,426.5
08-09-2012 22:00,,217.12
16-12-2011 15:00,,163.49
09-10-2011 8:00,,92.78
19-08-2012 11:00,,161.02
13-04-2011 17:00,,232.96
11-03-2012 13:00,,337.05
18-09-2012 02:00,,61.53
05-11-2012 11:00,,444.86666666666673
17-05-2011 15:00,,347.56
11-06-2011 10:00,,282.39
18-06-2012 17:00,,279.2
13-06-2012 07:00,,186.79
04-05-2011 18:00,,233.12
14-07-2012 22:00,,138.50583333333333
07-08-2012 9:00,,427.22
03-12-2012 20:00,,319.19
17-07-2011 09:00,,238.04
05-01-2012 10:00,,155.37666666666667
01-09-2011 1:00,,97.87
03-08-2011 2:00,,171.52
02-05-2012 7:00,,274.04
07-02-2011 13:00,,71.17
10-02-2012 5:00,,110.97
06-07-2012 2:00,,174.725
17-04-2012 17:00,,499.65
06-10-2011 6:00,,101.89166666666667
01-07-2012 14:00,,439.8
04-09-2012 23:00,,285.8066666666667
15-02-2012 15:00,,251.75999999999996
07-09-2012 0:00,,276.6546666666667
13-07-2011 10:00,,215.34
10-06-2011 21:00,,221.64
19-01-2012 19:00,,224.032
08-05-2011 16:00,,300.21
19-12-2011 18:00,,171.89
13-08-2011 19:00,,160.92333333333332
10-05-2011 22:00,,146.72
14-08-2012 16:00,,295.46
04-09-2012 6:00,,293.29066666666665
01-08-2011 21:00,,192.82
03-12-2012 0:00,,269.08366666666666
18-10-2011 14:00,,275.94
19-09-2012 21:00,,350.155
10-01-2012 13:00,,123.82500000000002
17-12-2012 23:00,,199.82
19-01-2012 22:00,,296.548
15-04-2011 21:00,,114.58200000000001
14-11-2012 18:00,,243.99883333333335
19-08-2012 06:00,,105.60266666666666
19-05-2012 16:00,,628.408
05-03-2012 5:00,,51.62
18-01-2011 13:00,,54.486000000000004
01-02-2012 6:00,,141.44416666666666
03-12-2012 16:00,,436.12
16-06-2012 11:00,,602.3365
12-02-2012 15:00,,104.05
06-09-2012 6:00,,81.53
03-08-2012 5:00,,131.445
06-07-2012 15:00,,387.78
07-11-2011 8:00,,199.3885119047619
04-06-2012 14:00,,484.735
18-11-2012 08:00,,181.07
02-10-2012 18:00,,362.3825
15-07-2011 20:00,,293.15
07-09-2012 17:00,,579.37
01-11-2011 21:00,,93.4875
03-09-2012 13:00,,468.205
12-03-2012 1:00,,126.12166666666668
17-10-2012 13:00,,472.08
15-07-2011 00:00,,36.24666666666666
09-04-2012 22:00,,226.6016666666667
10-06-2011 7:00,,181.7
15-02-2012 20:00,,160.03133333333332
15-10-2012 20:00,,322.49583333333334
08-08-2011 16:00,,207.04833333333332
03-09-2012 1:00,,209.66583333333332
01-12-2012 15:00,,304.05
08-08-2011 7:00,,190.5
06-10-2012 7:00,,152.79
17-02-2011 04:00,,118.75
07-11-2012 6:00,,265.93
09-06-2011 6:00,,114.77
07-12-2012 17:00,,371.7333333333333
18-08-2011 00:00,,157.40833333333333
18-09-2011 02:00,,68.69
19-04-2011 15:00,,90.44
03-10-2012 6:00,,289.15
07-01-2011 14:00,,61.49416666666667
11-08-2011 14:00,,394.07
10-09-2012 10:00,,305.286
04-02-2011 19:00,,72.75399999999999
10-12-2012 21:00,,184.38
02-07-2011 3:00,,176.18
18-05-2012 21:00,,455.764
02-07-2011 16:00,,388.855
16-06-2012 07:00,,64.7
05-02-2011 19:00,,39.035
02-11-2012 8:00,,203.0743333333333
19-07-2012 15:00,,331.8358333333333
11-07-2012 13:00,,300.21
09-01-2012 22:00,,132.388
02-02-2012 0:00,,151.09
11-04-2012 9:00,,168.77
19-04-2012 03:00,,45.47
06-04-2012 20:00,,283.12642857142856
07-03-2011 4:00,,126.11716666666668
06-03-2011 6:00,,59.9
15-02-2012 21:00,,159.4466666666667
07-06-2012 7:00,,57.36
02-08-2011 16:00,,282.47
14-04-2012 06:00,,134.218
14-10-2011 15:00,,346.58
03-02-2011 8:00,,65.505
17-12-2011 02:00,,89.08
09-03-2012 10:00,,189.4
06-08-2012 13:00,,473.36
07-05-2012 6:00,,116.16571428571429
03-02-2011 14:00,,62.9425
01-01-2012 10:00,,75.24
09-06-2011 22:00,,152.84
12-08-2012 11:00,,482.39
17-03-2011 01:00,,70.65916666666666
15-03-2011 10:00,,138.8857142857143
07-07-2012 10:00,,377.8033333333333
06-10-2011 8:00,,239.65066666666667
14-03-2011 10:00,,93.49
15-03-2012 23:00,,89.47
12-07-2011 9:00,,432.37
08-12-2011 18:00,,106.92333333333335
05-10-2012 5:00,,117.42
15-05-2012 23:00,,60.205
03-06-2011 14:00,,264.5
15-01-2012 16:00,,174.17
02-02-2012 4:00,,119.58
14-08-2011 17:00,,292.7
05-05-2012 12:00,,507.95
12-02-2012 16:00,,156.39
03-07-2011 4:00,,69.69
06-06-2011 16:00,,310.53
19-11-2011 06:00,,58.08166666666667
13-02-2012 05:00,,48.62
08-10-2012 10:00,,336.81
05-11-2012 5:00,,123.65
18-06-2011 20:00,,253.7458333333333
08-01-2011 18:00,,51.1
17-04-2012 11:00,,430.96
14-07-2011 00:00,,85.5175
04-11-2012 8:00,,75.313
04-11-2012 18:00,,286.94
03-01-2012 7:00,,74.11566666666667
02-11-2012 19:00,,374.566
08-03-2012 4:00,,198.143
02-05-2012 16:00,,303.67
13-05-2012 04:00,,177.45
14-09-2012 01:00,,168.70833333333331
03-02-2011 19:00,,103.33
11-08-2012 9:00,,62.98011904761905
09-01-2011 7:00,,16.167261904761904
12-01-2011 5:00,,35.57
17-05-2012 14:00,,427.56
17-08-2011 07:00,,61.3
19-01-2012 16:00,,223.07666666666668
16-11-2012 00:00,,107.54799999999999
01-12-2012 9:00,,114.67433333333334
10-05-2012 9:00,,428.08
15-05-2012 21:00,,319.5575
04-11-2012 11:00,,434.06
14-10-2011 03:00,,26.665333333333336
09-07-2012 5:00,,284.3933333333333
02-06-2011 17:00,,256.66
06-07-2011 14:00,,294.41
15-10-2012 04:00,,282.5475714285714
12-08-2011 11:00,,292.05
17-04-2011 16:00,,297.31
08-01-2012 18:00,,159.03
17-01-2012 23:00,,153.9975
10-11-2011 12:00,,120.79
17-06-2012 15:00,,445.72
04-05-2011 7:00,,23.78
12-02-2012 23:00,,58.38333333333333
05-05-2012 12:00,,485.87
19-04-2011 22:00,,74.1675
17-05-2011 07:00,,159.29366666666667
05-02-2012 15:00,,151.44
18-04-2011 10:00,,136.97
15-10-2011 23:00,,264.062
13-11-2012 05:00,,171.52
01-11-2012 10:00,,178.12666666666664
08-09-2011 15:00,,211.23766666666666
11-02-2012 14:00,,148.29166666666666
04-11-2012 16:00,,443.7
04-08-2011 13:00,,184.15
05-11-2012 14:00,,262.432
02-11-2012 15:00,,352.26
03-04-2011 6:00,,23.89
11-07-2012 10:00,,295.53666666666663
05-09-2012 6:00,,52.27
16-09-2011 14:00,,306.2866666666667
10-11-2012 9:00,,158.76083333333335
10-05-2012 5:00,,308.356
19-03-2012 15:00,,425.07
06-08-2011 16:00,,255.1625
16-04-2011 19:00,,131.12
14-11-2012 11:00,,196.67
08-04-2011 3:00,,41.27
04-05-2012 15:00,,506.36
09-10-2012 14:00,,338.45
02-05-2012 1:00,,49.51
07-07-2011 18:00,,302.82666666666665
07-05-2011 21:00,,186.99666666666667
14-02-2011 14:00,,123.3
12-02-2012 22:00,,49.32
09-03-2011 10:00,,81.40333333333334
12-07-2011 8:00,,241.01
01-04-2011 19:00,,165.35
10-11-2011 1:00,,71.01133333333333
14-07-2012 13:00,,403.0366666666667
14-09-2011 08:00,,200.82
11-07-2011 14:00,,227.09
19-04-2012 20:00,,284.4816666666666
10-06-2011 14:00,,187.4506666666667
15-07-2011 04:00,,32.90916666666667
08-06-2011 16:00,,245.0
11-01-2011 0:00,,19.12
09-09-2012 7:00,,90.818
18-05-2012 13:00,,483.87
16-12-2012 22:00,,199.49
02-10-2012 0:00,,111.82166666666667
01-10-2011 19:00,,137.81166666666667
12-06-2012 20:00,,360.25
12-02-2011 20:00,,73.87
09-03-2012 6:00,,165.335
15-05-2011 04:00,,35.71466666666666
12-02-2012 14:00,,111.0
16-09-2011 01:00,,220.06666666666663
01-03-2012 19:00,,225.88
16-07-2011 07:00,,31.9595
03-11-2011 4:00,,85.41966666666666
12-05-2011 8:00,,155.0675
17-01-2011 21:00,,30.375
16-10-2012 14:00,,663.5966666666666
07-05-2012 12:00,,236.895
12-12-2012 19:00,,170.65666666666664
11-08-2012 16:00,,524.78
18-01-2012 05:00,,199.495
11-12-2011 16:00,,249.66
15-05-2011 08:00,,126.12
05-04-2012 2:00,,288.0
05-08-2011 7:00,,108.47333333333331
17-04-2011 09:00,,123.21
07-12-2011 19:00,,115.01866666666666
07-11-2012 18:00,,390.06
15-07-2012 20:00,,124.64180952380953
05-09-2012 2:00,,328.8733333333333
11-12-2012 8:00,,334.1412619047619
09-07-2011 21:00,,273.5
07-12-2011 11:00,,41.135
01-11-2012 16:00,,357.8716666666667
17-03-2011 00:00,,132.2
11-08-2012 4:00,,49.995
02-01-2012 23:00,,113.12
08-07-2012 1:00,,190.81
16-03-2012 11:00,,225.37766666666667
19-12-2012 18:00,,353.89
19-08-2012 20:00,,226.98166666666665
17-03-2011 10:00,,114.78
04-03-2012 19:00,,161.7
08-08-2011 3:00,,34.715
04-12-2011 16:00,,252.49
18-02-2012 11:00,,144.49
09-08-2012 10:00,,600.82
14-07-2011 06:00,,65.52666666666667
17-01-2012 09:00,,94.865
15-05-2012 16:00,,353.39
15-12-2011 12:00,,179.72333333333336
06-11-2011 23:00,,66.36742857142858
06-02-2012 22:00,,56.88
07-07-2012 9:00,,271.04
19-11-2011 20:00,,185.20666666666668
16-12-2011 10:00,,151.505
16-10-2012 05:00,,211.6925
10-02-2012 13:00,,168.64983333333333
06-06-2012 8:00,,139.18
17-05-2012 01:00,,106.42
19-12-2012 03:00,,247.92
03-12-2011 10:00,,185.925
10-01-2011 21:00,,53.351000000000006
11-09-2011 4:00,,47.49
19-06-2012 20:00,,371.6
02-02-2011 22:00,,54.96333333333333
11-05-2011 14:00,,204.23
18-06-2011 15:00,,374.842
05-06-2011 10:00,,133.545
08-02-2012 18:00,,138.705
15-07-2012 12:00,,413.2799999999999
04-11-2012 19:00,,277.75
02-08-2011 6:00,,76.475
02-11-2012 3:00,,122.49
14-05-2011 14:00,,175.72333333333333
15-08-2011 18:00,,141.99833333333333
06-08-2011 17:00,,260.3725
13-05-2012 16:00,,502.39
15-01-2011 15:00,,102.93
16-06-2011 05:00,,147.54166666666669
17-10-2012 22:00,,391.676
17-11-2011 08:00,,140.8033333333333
17-07-2011 16:00,,379.5568333333333
12-10-2011 15:00,,143.525
13-08-2011 14:00,,282.17
09-06-2012 4:00,,182.5
09-08-2011 21:00,,189.29499999999996
10-02-2011 4:00,,35.6175
10-04-2012 14:00,,309.79
03-06-2011 7:00,,90.28
12-11-2012 17:00,,397.73
06-10-2012 10:00,,444.9466666666667
16-11-2011 15:00,,89.295
04-06-2011 4:00,,32.66
13-06-2012 17:00,,652.65
08-05-2011 12:00,,292.16
05-06-2011 6:00,,153.96916666666664
06-12-2012 8:00,,69.09166666666665
01-02-2011 2:00,,23.115
13-09-2012 02:00,,187.48066666666665
01-10-2012 23:00,,205.71
06-10-2011 14:00,,233.3
14-06-2012 01:00,,232.2
02-01-2012 5:00,,40.53
18-04-2012 16:00,,308.46
08-09-2012 17:00,,170.37
03-04-2012 12:00,,329.31666666666666
01-10-2011 2:00,,107.85
13-04-2012 15:00,,359.7566666666667
09-03-2011 13:00,,98.085
10-05-2011 9:00,,118.87
04-04-2012 6:00,,129.00583333333333
15-02-2012 07:00,,126.04416666666668
09-01-2012 4:00,,57.38666666666666
03-03-2011 19:00,,111.58200000000001
02-06-2011 22:00,,258.09
10-01-2012 6:00,,313.836
16-09-2012 21:00,,327.11
17-01-2012 00:00,,127.67
18-10-2011 06:00,,67.511
19-10-2012 09:00,,389.24
16-02-2011 16:00,,173.69166666666663
07-04-2011 22:00,,101.03875
19-07-2012 18:00,,426.32199999999995
10-03-2011 22:00,,78.005
07-10-2011 13:00,,270.22
06-11-2012 3:00,,101.28
02-11-2011 19:00,,114.45
15-03-2011 01:00,,76.83666666666667
10-02-2012 1:00,,116.26
02-03-2012 5:00,,152.6733333333333
01-06-2011 2:00,,136.796
07-05-2012 10:00,,189.885
14-01-2011 05:00,,14.616666666666667
04-04-2012 0:00,,77.96583333333334
13-10-2011 22:00,,192.92
12-07-2011 20:00,,241.115
11-02-2012 22:00,,98.4
15-05-2012 19:00,,334.8141666666667
11-12-2011 17:00,,243.136
19-06-2012 12:00,,255.38600000000002
08-10-2012 20:00,,135.69333333333333
01-03-2011 23:00,,44.778333333333336
19-07-2012 14:00,,311.3825
14-07-2012 17:00,,289.09
04-06-2011 19:00,,313.8566666666667
15-06-2012 00:00,,253.4
13-06-2012 11:00,,306.0466666666667
08-04-2012 16:00,,503.25
14-05-2012 10:00,,132.49
19-07-2011 05:00,,90.40666666666668
11-11-2012 19:00,,377.86
19-06-2012 07:00,,23.9975
02-05-2012 14:00,,310.93
15-07-2012 10:00,,173.361
09-07-2012 8:00,,315.47
01-07-2011 14:00,,388.65
12-03-2012 16:00,,431.1475
19-02-2011 04:00,,28.55
12-12-2011 21:00,,69.01
16-08-2012 15:00,,492.99
18-12-2011 06:00,,29.545
12-12-2011 17:00,,164.89666666666665
01-02-2011 18:00,,122.04166666666669
08-02-2011 1:00,,39.45666666666667
18-07-2012 16:00,,328.33166666666665
08-06-2012 11:00,,511.29666666666674
10-06-2012 22:00,,281.37
02-07-2012 20:00,,494.98
04-05-2012 22:00,,115.04
09-08-2011 8:00,,126.21333333333332
13-12-2012 12:00,,276.5957142857143
02-06-2011 10:00,,259.91
04-11-2012 20:00,,158.2
03-12-2012 7:00,,314.78
03-12-2012 3:00,,120.8
13-05-2012 05:00,,111.81666666666666
11-04-2012 2:00,,141.135
11-04-2012 5:00,,130.51
03-06-2012 14:00,,615.2
05-12-2011 14:00,,211.45999999999995
02-08-2012 12:00,,335.94
04-10-2011 7:00,,82.352
13-04-2012 03:00,,73.2
08-06-2012 13:00,,642.53
11-04-2011 20:00,,292.01
19-11-2012 18:00,,400.275
14-07-2012 22:00,,98.76333333333334
19-02-2011 21:00,,120.43733333333331
12-12-2011 12:00,,204.27
06-07-2011 0:00,,218.17333333333332
07-02-2012 16:00,,265.724
03-07-2011 12:00,,317.89
06-07-2011 10:00,,220.771
13-09-2011 04:00,,26.96166666666667
10-05-2012 0:00,,81.60166666666667
12-01-2012 0:00,,70.32666666666667
18-04-2011 22:00,,222.4
15-05-2011 10:00,,253.98
09-06-2011 4:00,,125.96799999999999
07-01-2011 10:00,,89.19366666666667
17-09-2012 19:00,,399.8516666666667
12-03-2011 16:00,,125.94333333333333
13-02-2012 22:00,,35.758
12-06-2011 2:00,,105.495
16-07-2012 23:00,,213.49400000000003
11-11-2012 13:00,,540.7
13-04-2011 20:00,,133.27
07-03-2012 17:00,,317.49
07-07-2011 7:00,,75.36833333333334
05-03-2011 17:00,,191.54
19-04-2012 19:00,,361.7033333333334
12-06-2011 22:00,,127.6
10-11-2011 11:00,,151.47
04-06-2012 0:00,,239.955
06-12-2011 18:00,,179.53
12-08-2011 21:00,,247.64
09-03-2012 22:00,,204.96
04-05-2012 8:00,,239.89333333333335
10-01-2011 3:00,,34.10333333333333
04-09-2011 17:00,,370.21
06-10-2012 3:00,,151.11
17-04-2012 09:00,,391.31
08-04-2012 10:00,,357.7565
08-10-2011 18:00,,430.7266666666667
08-03-2011 7:00,,53.64333333333333
19-09-2012 05:00,,24.4775
07-03-2011 16:00,,143.66
04-02-2012 11:00,,84.36
13-05-2011 08:00,,212.16
14-09-2011 21:00,,188.61
07-10-2012 10:00,,279.56666666666666
17-11-2012 03:00,,61.625
04-09-2011 7:00,,177.08333333333331
07-06-2012 8:00,,99.63500000000002
08-08-2011 2:00,,14.318
03-07-2012 15:00,,508.25
04-08-2011 21:00,,262.08
03-04-2011 17:00,,254.88
01-10-2012 9:00,,378.24
05-08-2011 17:00,,395.75
14-08-2012 05:00,,85.05833333333332
05-12-2012 12:00,,262.93833333333333
03-05-2012 5:00,,67.51
18-02-2012 09:00,,97.72866666666667
05-09-2012 14:00,,387.09
07-12-2012 20:00,,249.09833333333333
17-11-2011 08:00,,145.03
07-02-2011 1:00,,18.87983333333333
17-03-2011 19:00,,109.24
12-09-2011 22:00,,124.16
13-06-2011 16:00,,298.59
19-02-2011 14:00,,92.10633333333335
15-05-2011 12:00,,338.895
15-04-2012 15:00,,563.8916666666668
01-12-2012 22:00,,179.4525
04-08-2011 12:00,,221.46
19-10-2012 15:00,,448.2966666666666
13-06-2011 13:00,,276.58
16-11-2011 20:00,,111.79700000000001
14-12-2012 21:00,,219.87333333333333
10-07-2012 17:00,,557.37
03-01-2011 15:00,,94.44
15-06-2012 04:00,,31.7925
09-02-2011 10:00,,101.25
01-03-2011 22:00,,48.86
11-02-2011 6:00,,47.40533333333333
03-01-2012 4:00,,88.88966666666667
01-03-2011 1:00,,79.69
03-10-2011 4:00,,28.618333333333336
02-09-2011 15:00,,278.12
01-04-2012 6:00,,191.94
14-05-2012 17:00,,108.575
03-02-2012 13:00,,209.17866666666666
05-10-2012 0:00,,192.71
07-02-2012 13:00,,206.23399999999998
13-05-2012 18:00,,383.99333333333334
16-08-2012 14:00,,595.56
09-02-2012 23:00,,121.26549999999999
13-01-2011 06:00,,57.74916666666667
10-10-2011 9:00,,248.1533333333333
12-03-2012 19:00,,252.64
15-04-2011 15:00,,230.2733333333333
06-03-2011 3:00,,49.93
15-01-2011 03:00,,15.644999999999998
06-02-2011 3:00,,38.167500000000004
04-05-2012 4:00,,40.88
06-02-2012 20:00,,176.82
10-03-2012 16:00,,334.45
07-09-2011 5:00,,37.695
14-12-2012 05:00,,388.78
05-06-2011 22:00,,134.86714285714285
03-01-2011 14:00,,79.502
16-07-2011 01:00,,36.61485714285714
12-03-2011 9:00,,55.59333333333334
08-05-2011 7:00,,79.78418253968255
09-11-2012 8:00,,188.8166666666667
09-02-2012 2:00,,63.70916666666667
02-10-2011 16:00,,121.23266666666666
18-12-2011 09:00,,54.62333333333333
04-08-2012 20:00,,473.92
03-08-2012 23:00,,260.46
19-03-2012 08:00,,377.76
16-02-2012 14:00,,145.73
06-08-2011 10:00,,227.16333333333336
07-01-2011 13:00,,66.02571428571429
14-11-2012 19:00,,229.4
05-08-2011 5:00,,49.25
16-10-2012 16:00,,634.1166666666667
07-09-2012 11:00,,509.46
06-11-2011 7:00,,46.701166666666666
19-02-2011 23:00,,103.225
04-04-2011 9:00,,150.08
10-11-2011 4:00,,36.32966666666666
16-10-2012 21:00,,516.67
09-05-2011 22:00,,100.65666666666668
02-02-2012 1:00,,174.89
09-05-2011 14:00,,310.58
11-09-2011 11:00,,266.14
04-01-2012 23:00,,136.70166666666668
18-06-2011 07:00,,87.95
18-03-2011 09:00,,130.19333333333333
12-09-2012 12:00,,322.24
16-07-2012 04:00,,38.03
05-05-2012 13:00,,452.25
14-11-2011 16:00,,261.47
11-06-2011 8:00,,302.43
14-12-2011 02:00,,40.27
10-07-2011 20:00,,324.3326666666667
12-10-2012 9:00,,477.87
01-04-2011 7:00,,51.44083333333333
17-05-2011 14:00,,243.7
03-01-2012 20:00,,63.37
15-06-2011 09:00,,136.38
19-02-2012 00:00,,137.75
10-06-2012 9:00,,301.53
17-05-2012 21:00,,360.48
14-03-2012 09:00,,183.606
12-05-2012 17:00,,567.18
13-08-2011 08:00,,192.61333333333332
10-04-2011 1:00,,121.15
05-05-2011 1:00,,52.00333333333333
15-09-2011 04:00,,158.52
12-05-2012 1:00,,142.75216666666668
07-12-2012 12:00,,255.25999999999996
10-11-2012 14:00,,612.36
14-01-2012 14:00,,164.41
07-07-2011 13:00,,186.27
18-01-2012 06:00,,139.8625
19-08-2011 18:00,,377.01
14-04-2012 20:00,,241.91
08-10-2011 2:00,,82.96166666666667
01-07-2011 22:00,,180.17333333333335
11-12-2012 3:00,,63.91
08-02-2012 16:00,,104.855
12-10-2012 4:00,,225.398
13-10-2011 07:00,,83.23333333333332
12-12-2011 13:00,,174.00666666666663
18-05-2011 17:00,,217.0
19-06-2012 15:00,,324.28
08-01-2012 16:00,,264.93
07-09-2011 0:00,,40.88
09-02-2011 7:00,,20.255
12-10-2012 18:00,,402.06
09-01-2011 22:00,,21.666
11-11-2011 2:00,,57.96
12-06-2011 8:00,,167.795
09-08-2012 7:00,,215.4333333333333
11-06-2012 23:00,,251.59
10-11-2012 6:00,,80.23100000000001
10-02-2012 22:00,,86.34345238095239
04-11-2012 10:00,,229.37
04-08-2012 13:00,,477.86
07-01-2011 22:00,,50.515
08-10-2012 6:00,,62.193000000000005
14-12-2011 08:00,,98.78833333333333
14-06-2012 14:00,,473.2333333333334
15-06-2012 14:00,,509.80199999999996
01-08-2011 0:00,,148.43
16-07-2011 03:00,,30.809523809523807
02-07-2012 23:00,,300.798
13-04-2012 00:00,,278.5833333333333
12-05-2012 19:00,,551.08
09-05-2011 5:00,,33.04666666666667
06-01-2011 19:00,,97.23333333333332
03-10-2012 5:00,,314.6
17-07-2012 18:00,,270.04
12-01-2011 15:00,,68.27
01-04-2012 1:00,,204.0
02-06-2011 6:00,,154.51
10-12-2012 3:00,,80.25
16-08-2011 00:00,,46.58299999999999
19-12-2012 01:00,,52.43
16-01-2012 18:00,,128.55
01-09-2012 13:00,,428.656
11-04-2012 12:00,,173.61
12-07-2011 9:00,,441.63
08-02-2011 14:00,,67.66238095238096
19-12-2011 07:00,,81.68383333333333
10-03-2011 16:00,,55.3
06-12-2011 2:00,,199.65
12-08-2011 5:00,,106.43999999999998
15-09-2011 17:00,,111.25
04-01-2011 16:00,,102.2
07-11-2011 11:00,,171.48
05-07-2011 0:00,,145.32
04-03-2011 5:00,,44.09
01-09-2012 11:00,,405.5901666666667
05-05-2011 17:00,,366.46
10-06-2012 10:00,,451.76
12-05-2011 6:00,,48.50833333333334
03-03-2012 20:00,,216.02
05-10-2012 15:00,,573.784
15-08-2011 19:00,,133.38
11-06-2012 3:00,,332.2866666666667
17-06-2012 13:00,,383.80333333333334
01-02-2011 15:00,,99.67666666666668
01-12-2012 1:00,,84.5185
06-03-2012 12:00,,131.85
04-08-2011 23:00,,138.38875
11-03-2012 17:00,,438.35
10-10-2012 9:00,,374.36199999999997
10-07-2011 19:00,,355.959
06-03-2012 18:00,,227.67
14-04-2012 05:00,,67.42333333333333
02-11-2012 17:00,,347.62
07-04-2012 19:00,,409.03
06-04-2012 23:00,,203.23
10-07-2012 8:00,,105.24921428571427
10-03-2011 10:00,,46.04
05-08-2012 19:00,,133.49916666666667
19-09-2012 20:00,,359.155
03-10-2012 4:00,,79.46
03-11-2011 10:00,,180.15433333333334
10-02-2011 11:00,,74.87333333333333
01-06-2012 22:00,,87.7075
15-02-2011 01:00,,83.53
19-04-2012 15:00,,585.62
18-05-2012 07:00,,89.15666666666668
18-06-2012 06:00,,55.73
14-06-2011 18:00,,126.51
08-09-2012 18:00,,156.28
03-06-2012 0:00,,125.345
02-06-2012 23:00,,146.47
15-09-2012 22:00,,291.365
19-01-2012 09:00,,144.74999999999997
14-01-2011 16:00,,116.214
19-10-2012 21:00,,131.225
18-05-2012 10:00,,318.79333333333335
10-09-2011 2:00,,60.55833333333334
19-11-2012 15:00,,301.5216666666667
18-01-2012 01:00,,39.48
13-12-2012 10:00,,295.47
12-02-2012 16:00,,165.93200000000002
04-09-2012 0:00,,197.02066666666667
09-04-2011 21:00,,64.79
04-03-2011 13:00,,144.90666666666667
06-08-2012 10:00,,312.5
10-09-2012 11:00,,553.24
08-07-2012 21:00,,166.3525
18-06-2011 23:00,,163.36166666666665
18-02-2012 10:00,,131.49416666666667
09-11-2011 11:00,,288.95
14-02-2011 08:00,,64.64
15-02-2012 10:00,,147.97
06-06-2012 15:00,,339.04699999999997
12-09-2012 23:00,,138.03666666666666
13-05-2012 15:00,,488.9483333333334
19-07-2011 18:00,,337.16
14-06-2012 18:00,,514.66
18-09-2011 19:00,,185.324
15-07-2011 08:00,,156.7675
17-06-2011 04:00,,34.12833333333334
01-01-2011 2:00,,19.149333333333335
15-03-2012 21:00,,213.48
19-09-2011 01:00,,109.815
07-10-2012 0:00,,247.69
02-05-2011 11:00,,316.7366666666666
01-05-2012 21:00,,294.05
10-11-2012 12:00,,437.08
03-04-2011 13:00,,247.27666666666664
10-02-2011 14:00,,70.25466666666667
19-03-2012 05:00,,492.8183333333334
15-01-2011 04:00,,11.565
17-04-2012 17:00,,666.98
07-01-2011 7:00,,80.26833333333333
07-11-2012 23:00,,120.76
18-06-2011 10:00,,267.685
10-06-2012 20:00,,477.95
09-09-2012 15:00,,554.38
11-10-2011 17:00,,187.745
15-04-2012 12:00,,561.67
11-12-2011 15:00,,249.66
19-09-2011 12:00,,205.65
06-02-2012 5:00,,74.534
15-04-2012 02:00,,122.55
18-06-2012 11:00,,235.105
02-07-2012 6:00,,140.00122222222222
09-04-2011 7:00,,15.043333333333335
03-09-2012 23:00,,273.33
14-09-2011 02:00,,84.72666666666666
01-12-2011 19:00,,217.71
12-05-2011 0:00,,154.86
07-11-2012 2:00,,219.35
10-10-2012 23:00,,383.05
15-10-2011 07:00,,104.92
10-07-2011 0:00,,282.03
12-04-2011 8:00,,61.79571428571428
04-05-2011 3:00,,66.05604761904762
18-10-2011 05:00,,46.655
04-11-2012 22:00,,103.87
18-08-2011 10:00,,237.36
03-08-2011 13:00,,162.63
12-05-2011 21:00,,176.51404761904763
02-09-2011 6:00,,163.09333333333333
13-08-2012 21:00,,291.66
15-07-2012 10:00,,170.951
03-04-2011 17:00,,217.72
14-05-2012 14:00,,255.79416666666665
19-12-2012 11:00,,276.6383333333334
09-04-2011 12:00,,176.77
07-10-2012 21:00,,104.23666666666668
02-07-2011 13:00,,383.9
16-12-2012 03:00,,239.97011904761905
08-02-2012 5:00,,9.99
13-01-2011 10:00,,47.53
18-04-2012 05:00,,118.52
05-02-2012 12:00,,168.11666666666665
11-02-2011 23:00,,60.55333333333333
06-12-2011 11:00,,65.602
08-10-2012 3:00,,56.308
02-03-2012 22:00,,57.17166666666667
15-03-2011 04:00,,60.41666666666666
13-04-2012 01:00,,98.522
09-09-2011 8:00,,41.275
03-12-2011 1:00,,70.08
09-04-2012 17:00,,364.97
08-12-2012 22:00,,138.02833333333334
13-12-2012 13:00,,291.71
16-12-2012 19:00,,203.82
16-02-2011 14:00,,176.6
10-11-2011 10:00,,51.22
16-01-2012 19:00,,133.838
09-09-2012 5:00,,80.22800000000001
19-01-2012 20:00,,242.36
12-10-2011 19:00,,133.3725
19-08-2011 15:00,,242.45
18-01-2011 13:00,,61.4675
06-07-2011 23:00,,100.89833333333334
18-05-2011 09:00,,184.33966666666666
01-06-2012 21:00,,145.1
19-03-2012 01:00,,389.76
12-03-2011 20:00,,84.6
18-07-2011 12:00,,332.3
10-11-2011 1:00,,67.36066666666666
12-09-2012 7:00,,62.78366666666667
01-05-2012 16:00,,462.61
11-12-2011 17:00,,239.266
11-03-2011 20:00,,90.17200000000001
13-10-2011 10:00,,82.16833333333332
05-07-2012 19:00,,445.58
05-05-2011 14:00,,289.18
18-06-2012 10:00,,81.66
02-03-2011 18:00,,156.68
13-05-2011 10:00,,173.79
02-11-2011 8:00,,80.74357142857143
18-11-2012 04:00,,157.83
17-02-2011 13:00,,104.964
19-01-2012 22:00,,266.218
16-05-2012 13:00,,349.26
15-11-2011 10:00,,161.54
11-05-2012 1:00,,157.465
02-01-2012 20:00,,117.94
09-11-2012 9:00,,186.99
19-03-2012 19:00,,334.68
03-12-2011 8:00,,29.49707142857143
03-10-2011 12:00,,232.93666666666667
11-11-2012 18:00,,525.79
07-11-2011 4:00,,67.25658333333332
08-01-2011 14:00,,74.46
14-01-2012 21:00,,92.055
14-11-2011 20:00,,301.065
08-02-2012 19:00,,138.705
18-02-2012 01:00,,153.97666666666666
06-08-2011 19:00,,157.70499999999998
04-12-2011 11:00,,138.79892857142858
11-04-2011 17:00,,367.73
08-11-2012 9:00,,190.91
15-12-2012 17:00,,403.8166666666667
15-06-2011 21:00,,165.83333333333331
09-03-2012 4:00,,49.9
03-05-2012 9:00,,32.85
14-04-2011 13:00,,187.0
01-10-2012 19:00,,309.36
04-08-2011 15:00,,308.63
14-02-2012 09:00,,84.613
16-11-2012 22:00,,58.97
01-04-2011 21:00,,95.81666666666666
03-12-2012 12:00,,416.74
15-05-2012 20:00,,287.76666666666665
17-09-2012 23:00,,90.08
18-06-2011 17:00,,380.98
09-09-2012 19:00,,566.7625
14-11-2011 06:00,,244.27083333333331
16-08-2012 09:00,,283.939
04-08-2011 19:00,,217.37
06-09-2011 20:00,,68.66716666666667
12-04-2012 15:00,,420.28
07-01-2012 11:00,,131.55
10-03-2011 12:00,,53.325
15-12-2012 01:00,,73.2625
07-12-2011 12:00,,44.35033333333333
10-04-2011 20:00,,151.67000000000002
14-02-2011 06:00,,72.18666666666667
08-03-2011 20:00,,126.15
13-09-2011 14:00,,219.06699999999998
07-02-2012 21:00,,205.1
14-05-2012 04:00,,195.9
09-05-2011 0:00,,34.92
10-01-2011 6:00,,35.32
15-05-2012 10:00,,203.5
16-04-2012 14:00,,323.242
15-01-2012 14:00,,179.33
07-12-2012 3:00,,138.408
09-05-2012 18:00,,168.68
05-03-2011 23:00,,75.902
17-09-2011 15:00,,215.86
16-03-2011 21:00,,138.924
15-11-2011 20:00,,129.64333333333335
10-06-2011 23:00,,119.17
13-01-2012 16:00,,219.73
11-06-2011 2:00,,107.16
19-10-2012 12:00,,386.3983333333333
08-10-2012 12:00,,288.51666666666665
06-11-2011 12:00,,220.03
07-12-2011 21:00,,91.19466666666668
08-10-2012 0:00,,160.88
16-08-2011 19:00,,239.87333333333336
17-11-2012 15:00,,394.27
13-02-2012 18:00,,219.646
10-12-2011 23:00,,83.26666666666668
16-01-2012 23:00,,74.5
10-11-2012 0:00,,119.13
08-10-2012 11:00,,292.28
16-08-2011 15:00,,194.19466666666668
09-08-2011 19:00,,224.02200000000002
10-05-2012 18:00,,374.225
16-02-2012 15:00,,144.6875
04-12-2012 22:00,,268.84333333333336
12-05-2011 4:00,,23.53
07-07-2012 5:00,,92.38133333333333
18-03-2012 11:00,,196.5327380952381
01-07-2012 16:00,,404.445
18-06-2012 03:00,,274.61
10-07-2012 23:00,,275.8808333333334
02-02-2011 19:00,,72.91
07-12-2011 18:00,,68.40583333333333
14-03-2011 06:00,,8.98
18-09-2011 15:00,,290.475
17-03-2012 06:00,,95.25333333333332
06-10-2012 8:00,,129.86
10-11-2011 10:00,,52.08
08-06-2011 1:00,,173.82333333333332
14-07-2011 08:00,,276.3313333333333
01-08-2011 10:00,,301.62
18-12-2012 00:00,,54.95
09-02-2012 14:00,,130.96
03-04-2011 19:00,,140.54
03-06-2011 1:00,,237.53
15-09-2011 22:00,,137.27333333333334
01-01-2011 10:00,,66.06333333333333
13-03-2011 21:00,,55.77
05-03-2012 13:00,,164.322
14-11-2011 02:00,,72.71
02-09-2011 7:00,,198.68999999999997
13-08-2011 18:00,,169.4
14-10-2011 07:00,,100.93
14-02-2012 02:00,,204.75400000000002
05-05-2011 8:00,,274.4058333333333
06-08-2012 5:00,,107.9
06-09-2012 0:00,,146.685
17-01-2011 10:00,,56.986
07-04-2012 17:00,,458.39
18-10-2012 18:00,,497.24
05-11-2011 14:00,,307.73
09-03-2012 7:00,,189.92
04-08-2012 12:00,,482.19
15-10-2012 08:00,,160.10416666666666
07-09-2011 9:00,,74.38
12-01-2011 13:00,,85.49
13-10-2011 16:00,,289.77
06-10-2012 16:00,,595.35
09-09-2011 3:00,,67.21
15-09-2012 03:00,,122.34566666666666
07-04-2012 7:00,,75.46666666666667
02-04-2012 4:00,,212.495
01-06-2012 11:00,,258.21
11-12-2012 22:00,,280.79
04-11-2012 3:00,,58.435
19-04-2012 22:00,,336.98
14-08-2011 19:00,,276.31
12-11-2011 3:00,,21.961904761904762
15-09-2011 14:00,,173.13166666666663
01-07-2012 13:00,,439.8
11-11-2011 22:00,,165.22833333333335
12-11-2012 8:00,,82.99
06-12-2012 19:00,,351.65666666666664
15-07-2012 18:00,,326.28
05-05-2012 8:00,,133.36
04-06-2012 15:00,,526.2966666666666
13-01-2012 04:00,,160.055
05-12-2012 13:00,,313.76
11-06-2011 1:00,,100.765
12-04-2012 3:00,,52.21
10-09-2012 21:00,,308.26
18-05-2011 07:00,,151.33666666666667
02-03-2012 21:00,,151.77133333333333
16-01-2012 15:00,,112.6
12-08-2011 13:00,,261.74666666666667
14-05-2012 13:00,,261.7875
16-11-2011 20:00,,118.45666666666668
16-01-2012 04:00,,52.818000000000005
17-02-2012 05:00,,101.428
08-01-2012 17:00,,235.65
14-08-2011 03:00,,50.45399999999999
19-04-2012 09:00,,178.37666666666667
17-07-2012 02:00,,211.56
11-11-2011 19:00,,173.54833333333335
17-09-2011 17:00,,150.94666666666666
05-12-2011 3:00,,11.831809523809522
01-02-2012 11:00,,113.08666666666666
05-07-2011 9:00,,242.25799999999998
06-11-2012 1:00,,75.64999999999999
12-09-2012 16:00,,333.71
14-03-2012 07:00,,304.1293333333333
12-07-2011 19:00,,241.64700000000002
15-05-2011 05:00,,170.265
16-06-2012 17:00,,532.22
03-04-2011 1:00,,36.75
11-09-2011 14:00,,308.152
06-05-2012 18:00,,200.27
02-10-2011 14:00,,117.46
01-06-2011 17:00,,377.56
18-08-2012 04:00,,82.72333333333334
12-01-2012 22:00,,149.30666666666667
02-09-2011 2:00,,71.08
06-04-2012 0:00,,252.12066666666666
04-05-2011 8:00,,34.96
14-03-2011 07:00,,122.92
19-10-2011 08:00,,155.54
15-04-2011 19:00,,189.85
08-03-2012 13:00,,330.51
07-08-2012 2:00,,28.3
04-04-2011 3:00,,56.20399999999999
02-12-2012 21:00,,136.21
08-05-2012 3:00,,110.14
02-06-2012 2:00,,113.9175
13-07-2011 08:00,,338.0
11-09-2012 8:00,,156.13916666666665
07-09-2012 0:00,,302.14366666666666
13-11-2011 17:00,,289.5433333333333
02-03-2011 3:00,,40.86833333333333
03-02-2011 13:00,,64.155
13-03-2012 23:00,,149.27
03-05-2011 16:00,,451.28
13-10-2011 04:00,,32.53666666666667
06-09-2011 5:00,,81.1785
13-06-2012 09:00,,300.51016666666663
07-03-2011 21:00,,113.04
01-08-2011 7:00,,214.69
10-05-2012 21:00,,188.31
17-02-2011 06:00,,74.30333333333333
15-08-2011 21:00,,73.86
15-02-2011 00:00,,78.32
02-01-2012 22:00,,101.0
16-12-2012 01:00,,188.14
04-05-2012 7:00,,237.18333333333337
09-02-2012 4:00,,223.61333333333334
10-09-2011 4:00,,54.06333333333334
17-09-2011 12:00,,198.72
19-11-2012 11:00,,252.42242857142858
16-05-2011 16:00,,216.1025
03-05-2012 23:00,,182.95
03-03-2011 22:00,,98.29
17-03-2011 20:00,,129.7
13-08-2011 20:00,,129.0593333333333
04-02-2012 14:00,,248.03
11-09-2011 13:00,,324.9975
02-06-2011 18:00,,231.68
09-12-2011 17:00,,235.80333333333337
03-01-2011 22:00,,52.352000000000004
06-03-2011 10:00,,31.56833333333333
12-07-2011 21:00,,205.815
13-08-2011 22:00,,169.35
17-06-2011 00:00,,94.20366666666666
15-10-2011 20:00,,228.82
10-05-2011 13:00,,382.14
05-02-2012 23:00,,74.26233333333333
16-06-2011 11:00,,226.41333333333336
19-06-2011 01:00,,183.2945238095238
15-04-2012 01:00,,323.425
04-02-2011 15:00,,88.82
10-01-2012 4:00,,150.273
04-12-2012 3:00,,182.54666666666668
01-09-2011 19:00,,279.27
09-11-2011 22:00,,146.30966666666666
10-10-2012 0:00,,69.701
12-10-2012 22:00,,209.8613333333333
02-07-2011 21:00,,333.75
08-06-2011 23:00,,191.465
09-03-2011 16:00,,120.84
11-02-2012 1:00,,87.57833333333333
05-02-2011 17:00,,27.357142857142858
03-01-2011 0:00,,62.055
11-08-2011 13:00,,277.62
13-12-2011 14:00,,167.53
19-12-2011 19:00,,153.79
01-03-2011 3:00,,32.0
16-08-2012 06:00,,61.7625
14-10-2012 02:00,,159.84166666666667
04-05-2011 9:00,,23.78
09-09-2012 21:00,,394.94
09-05-2012 16:00,,322.59
06-08-2011 0:00,,83.94666666666667
08-09-2011 6:00,,95.36833333333333
17-09-2011 04:00,,81.88
02-02-2011 20:00,,70.81
08-12-2011 13:00,,123.55266666666667
12-04-2012 11:00,,168.84
06-01-2012 3:00,,66.028
13-11-2011 18:00,,254.74833333333333
12-04-2012 16:00,,381.94
13-05-2011 23:00,,94.37116666666668
02-01-2011 4:00,,24.31
11-01-2012 21:00,,115.2525
02-10-2012 1:00,,72.44
03-08-2012 19:00,,395.81
15-09-2012 18:00,,663.91
12-05-2011 20:00,,255.672
19-04-2011 11:00,,91.6
11-03-2012 7:00,,63.825
07-11-2012 22:00,,157.16666666666666
11-05-2011 21:00,,199.735
17-03-2011 18:00,,147.378
11-02-2011 20:00,,93.675
09-02-2011 16:00,,101.95
07-10-2012 20:00,,79.63
09-01-2011 13:00,,80.01
13-04-2011 15:00,,138.788
13-06-2011 12:00,,176.9
07-06-2012 20:00,,547.525
05-01-2012 21:00,,58.6975
05-09-2012 10:00,,349.27566666666667
15-05-2012 15:00,,430.89
17-08-2011 01:00,,40.75000000000001
03-08-2012 3:00,,52.65
19-05-2012 19:00,,625.37
02-01-2011 2:00,,26.075
16-01-2012 22:00,,123.27
01-09-2012 10:00,,406.9401666666667
16-06-2011 18:00,,152.9075
10-10-2012 13:00,,533.84
13-01-2011 18:00,,99.40333333333334
10-02-2011 8:00,,54.60333333333334
10-05-2011 2:00,,122.285
12-07-2011 7:00,,288.8
15-04-2012 20:00,,374.045
02-07-2011 22:00,,272.84
04-07-2012 11:00,,374.01333333333326
09-08-2011 2:00,,79.74666666666666
09-10-2012 13:00,,352.41
17-11-2012 20:00,,167.305
06-09-2012 5:00,,129.8
13-06-2011 04:00,,150.38
05-09-2012 1:00,,328.8733333333333
08-07-2011 13:00,,218.53
04-10-2012 19:00,,730.5880000000001
02-10-2011 6:00,,69.50059523809524
18-06-2011 06:00,,68.24
19-11-2011 23:00,,173.95083333333332
09-04-2012 2:00,,224.33
07-01-2012 4:00,,90.555
01-05-2012 6:00,,80.809
19-03-2011 12:00,,199.68849999999998
06-04-2011 4:00,,38.199666666666666
07-11-2012 12:00,,222.41333333333333
19-06-2012 08:00,,41.82
10-03-2011 5:00,,41.09
12-03-2012 21:00,,132.98
16-04-2012 03:00,,286.841
17-12-2012 06:00,,258.7875
16-12-2011 18:00,,192.06333333333336
16-10-2011 14:00,,438.29
12-09-2012 22:00,,237.25166666666667
15-03-2012 17:00,,490.27666666666664
07-04-2011 7:00,,124.95333333333332
11-11-2011 8:00,,125.61
09-08-2011 10:00,,185.52
09-07-2012 20:00,,289.9525
03-06-2011 9:00,,202.23999999999995
12-01-2011 18:00,,63.32
14-01-2011 00:00,,49.20666666666666
14-08-2011 14:00,,300.59
08-05-2012 11:00,,253.89166666666668
09-11-2011 11:00,,265.75
03-12-2012 21:00,,148.29833333333335
10-08-2012 6:00,,143.89942857142856
01-08-2012 1:00,,39.05258333333333
09-06-2012 13:00,,466.57
14-09-2011 22:00,,184.71
04-07-2012 13:00,,422.87
01-11-2012 12:00,,266.038
01-10-2012 17:00,,495.155
14-02-2012 20:00,,216.055
13-01-2012 16:00,,222.32
05-08-2011 16:00,,343.1
16-05-2012 06:00,,119.61
05-04-2012 20:00,,187.73
10-10-2011 1:00,,35.70916666666667
07-03-2011 17:00,,129.53333333333333
02-09-2012 12:00,,440.1375
08-07-2011 4:00,,247.89333333333335
15-06-2012 09:00,,342.52
12-01-2011 7:00,,40.24
14-08-2012 23:00,,295.13
13-12-2012 17:00,,500.58
14-12-2011 09:00,,149.75833333333333
11-03-2012 21:00,,188.92
06-12-2011 9:00,,256.8366666666667
19-10-2012 23:00,,215.32619047619045
18-09-2011 09:00,,214.5066666666667
08-04-2012 22:00,,230.42
04-01-2012 21:00,,128.12
15-09-2011 11:00,,259.7
15-05-2012 13:00,,330.55
18-12-2012 22:00,,153.81133333333332
19-06-2012 23:00,,236.795
05-07-2011 12:00,,201.485
07-08-2012 9:00,,362.46
19-11-2012 22:00,,98.02733333333333
16-09-2012 16:00,,595.76875
14-12-2011 16:00,,253.54
01-04-2011 22:00,,78.622
02-03-2012 2:00,,164.37
16-04-2011 23:00,,74.33
07-09-2012 21:00,,354.01
09-07-2012 23:00,,254.42
10-12-2011 0:00,,87.24666666666668
10-01-2011 3:00,,47.59
13-10-2011 19:00,,173.02666666666667
05-01-2012 14:00,,135.83
02-08-2011 1:00,,19.365
16-03-2011 12:00,,104.7475
04-06-2011 23:00,,198.46666666666664
15-11-2012 08:00,,209.745
18-10-2011 01:00,,46.655
03-10-2012 3:00,,67.41
14-12-2012 06:00,,268.0
14-09-2011 19:00,,223.11
08-07-2012 9:00,,297.24
02-03-2011 19:00,,136.87
19-08-2012 14:00,,173.45516666666666
16-03-2011 08:00,,57.585
06-12-2011 7:00,,282.76
05-01-2011 20:00,,33.055
11-11-2011 21:00,,101.35
14-11-2012 12:00,,232.94
03-12-2012 11:00,,198.9766666666667
19-03-2012 18:00,,382.53
19-10-2011 15:00,,97.7095
15-09-2012 06:00,,237.1
05-04-2011 12:00,,93.57733333333334
05-10-2011 22:00,,205.01
14-03-2011 22:00,,55.99333333333334
17-05-2012 17:00,,524.895
16-03-2012 20:00,,286.94166666666666
07-06-2012 11:00,,343.94
07-09-2011 22:00,,55.84
08-01-2011 22:00,,41.46
17-04-2011 03:00,,39.53
18-05-2012 05:00,,104.31933333333335
17-12-2011 03:00,,64.77
01-10-2012 7:00,,180.495
02-12-2012 15:00,,322.68
19-12-2011 09:00,,233.89
07-01-2012 0:00,,115.44
16-12-2012 14:00,,315.16
06-10-2012 22:00,,184.98
13-02-2011 13:00,,119.45166666666665
08-11-2011 6:00,,53.91690476190476
19-06-2011 17:00,,372.47
01-10-2012 7:00,,117.875
07-08-2011 20:00,,79.7
10-11-2011 23:00,,159.001
03-07-2011 18:00,,390.10416666666674
19-05-2012 16:00,,627.6
17-11-2012 12:00,,458.82666666666665
07-09-2012 22:00,,360.06
16-04-2012 01:00,,310.135
17-12-2012 10:00,,294.0491666666667
03-08-2012 13:00,,431.76
04-02-2012 12:00,,200.82999999999996
16-01-2012 04:00,,49.783
10-08-2011 3:00,,275.58099999999996
05-12-2011 0:00,,48.254333333333335
01-02-2012 19:00,,220.53
08-02-2011 16:00,,40.465714285714284
06-10-2012 0:00,,171.045
17-12-2011 23:00,,45.616547619047616
05-08-2012 14:00,,488.27
17-06-2012 07:00,,56.51
05-07-2011 17:00,,212.762
08-06-2011 8:00,,239.32
10-11-2011 5:00,,122.09666666666666
13-06-2012 14:00,,362.3
04-08-2012 15:00,,479.29
05-09-2012 17:00,,597.134
03-06-2011 11:00,,290.2
12-09-2011 0:00,,38.843333333333334
10-08-2012 17:00,,428.03
03-07-2011 20:00,,122.38933333333334
19-04-2012 08:00,,204.91333333333333
12-07-2012 7:00,,114.75133333333333
05-03-2012 0:00,,81.09166666666665
14-09-2012 20:00,,375.07
05-01-2012 4:00,,56.61
02-04-2012 17:00,,481.4586666666668
11-04-2011 4:00,,31.201666666666664
04-09-2012 10:00,,328.6033333333333
13-08-2012 14:00,,505.14
15-01-2012 15:00,,148.2
16-10-2011 10:00,,258.09
17-12-2012 13:00,,237.4
02-01-2011 17:00,,90.81
10-10-2012 1:00,,20.852833333333333
13-09-2012 07:00,,187.48066666666665
03-06-2012 16:00,,578.29
07-12-2012 18:00,,322.47933333333333
06-04-2012 19:00,,385.56
12-11-2011 15:00,,319.645
06-10-2011 4:00,,161.80166666666665
09-10-2012 23:00,,191.88
12-04-2012 17:00,,455.2
15-04-2011 13:00,,184.73
10-09-2011 3:00,,38.17
17-04-2012 14:00,,661.12
18-07-2012 07:00,,386.66
08-03-2011 16:00,,163.56
03-01-2012 7:00,,39.675
02-10-2012 23:00,,160.635
15-01-2011 07:00,,13.743333333333334
10-02-2012 11:00,,133.875
17-03-2011 10:00,,140.645
11-01-2011 17:00,,64.38666666666666
03-04-2011 8:00,,77.64
08-09-2011 4:00,,48.27
02-02-2012 17:00,,247.67
11-10-2011 3:00,,62.55
06-08-2011 20:00,,212.7375
05-02-2011 0:00,,21.3075
09-06-2012 10:00,,413.37833333333333
18-07-2011 13:00,,228.37
15-04-2011 21:00,,120.19
14-05-2011 13:00,,210.81799999999998
11-05-2011 20:00,,172.91
13-11-2011 03:00,,55.56
07-10-2012 14:00,,313.04
14-04-2012 09:00,,192.87
17-01-2012 19:00,,254.88
01-08-2011 11:00,,309.77
11-02-2011 12:00,,67.39
02-08-2012 5:00,,147.20428571428573
10-12-2011 2:00,,73.1775
05-01-2011 19:00,,121.62333333333333
01-06-2011 10:00,,255.21666666666667
18-04-2011 15:00,,176.55
15-03-2011 22:00,,90.15
12-06-2012 15:00,,115.68
04-04-2011 0:00,,69.31
08-02-2011 3:00,,30.016333333333332
14-06-2012 15:00,,395.40166666666664
14-07-2011 10:00,,324.76
16-02-2011 09:00,,62.41
12-07-2012 18:00,,266.76
08-09-2012 0:00,,80.6245
09-11-2011 4:00,,80.74357142857143
18-09-2011 20:00,,166.15
03-10-2012 20:00,,648.4248412698413
11-04-2011 10:00,,189.5775
17-03-2012 04:00,,135.415
12-07-2012 3:00,,133.4466666666667
10-12-2012 10:00,,173.31
10-11-2011 19:00,,199.20816666666667
08-09-2012 3:00,,63.632333333333335
08-09-2011 3:00,,21.725
15-06-2011 15:00,,414.255
04-06-2011 13:00,,408.47
06-05-2011 12:00,,288.5796666666667
16-10-2011 09:00,,203.89
18-06-2011 11:00,,211.85333333333332
15-05-2011 13:00,,334.305
05-01-2012 11:00,,250.79333333333335
05-08-2011 3:00,,49.25
05-12-2012 10:00,,330.71
02-03-2012 20:00,,108.025
09-11-2012 17:00,,426.5
15-03-2011 02:00,,76.83666666666667
07-06-2012 21:00,,446.75
09-06-2012 22:00,,317.02
01-04-2011 12:00,,115.665
17-06-2012 02:00,,143.83
18-03-2012 11:00,,298.23833333333334
03-01-2011 7:00,,94.90966666666665
03-06-2012 22:00,,401.2
04-05-2011 11:00,,177.0
03-06-2012 10:00,,449.9766666666667
10-07-2011 5:00,,50.99666666666667
12-04-2011 2:00,,106.54
01-08-2012 0:00,,87.277
03-04-2012 2:00,,125.58916666666669
03-05-2011 8:00,,118.40783333333333
17-05-2011 13:00,,173.8275
19-11-2011 01:00,,57.35
14-02-2011 11:00,,147.99
05-06-2011 16:00,,337.52
01-11-2011 6:00,,36.57
09-06-2011 2:00,,113.265
04-01-2012 18:00,,131.58666666666667
09-05-2011 5:00,,37.45
06-11-2012 4:00,,185.7475
04-12-2012 7:00,,83.3225
12-01-2012 21:00,,287.045
18-04-2012 14:00,,119.72200000000001
12-12-2012 22:00,,207.87666666666667
01-08-2012 14:00,,311.86
08-06-2012 20:00,,518.835
05-09-2011 5:00,,100.54
12-03-2012 15:00,,239.59333333333336
11-11-2011 3:00,,28.89
16-02-2012 00:00,,141.03333333333333
11-12-2012 0:00,,227.53833333333333
06-05-2011 11:00,,175.97666666666663
18-08-2012 09:00,,297.905
13-09-2012 09:00,,308.8233333333334
16-09-2012 05:00,,36.099000000000004
03-01-2012 18:00,,145.68
03-04-2011 10:00,,161.53
19-10-2011 17:00,,112.99916666666667
07-08-2011 11:00,,320.5275
09-12-2011 2:00,,25.5475
15-09-2011 02:00,,134.95
15-09-2012 23:00,,217.62400000000002
07-03-2011 15:00,,122.81666666666668
16-11-2011 15:00,,80.66916666666665
02-02-2012 11:00,,91.022
09-10-2011 9:00,,176.52928571428572
07-11-2012 5:00,,98.78
16-12-2011 05:00,,272.99666666666667
14-01-2011 23:00,,56.89
19-02-2011 09:00,,66.663
17-03-2012 05:00,,166.42
